"sim_id","HIV_neg_female","HIV_neg_male","HIV_pos_female","HIV_pos_male","hiv_prev_mse_male","hiv_prev_mse_female","b1_contact","b2_contact","hiv2_mort","hiv3_mort","hiv4_mort","tb_hiv1_mort","tb_hiv2_mort","tb_hiv3_mort","tb_hiv4_mort","hiv_prev_mse_male_norm","hiv_prev_mse_female_norm","hiv_prev_mse_male_norm_rank","hiv_prev_mse_female_norm_rank","tb_mort_mse_male_neg_norm","tb_mort_mse_female_neg_norm","tb_mort_mse_male_pos_norm","tb_mort_mse_female_pos_norm","tb_mort_mse_overall_norm","tbmort_rank_total","tbmort_HIV_neg_male","tbmort_HIV_neg_female","tbmort_HIV_pos_male","tbmort_HIV_pos_female"
733,5170.48704407178,21450.5915927723,176538.152871469,52638.6698919394,406072405.407508,35865803.9775837,6,11,12,35,1.5,17,30,40,17,0.581944396726392,0.0267347900959555,4057,646,0.0226423737746468,0.0404822240633741,0.00165861074703993,0.115231020402629,0.0450035572469225,343,495,551,4,981
841,4627.5688376627,36448.1657353229,158207.984669962,51061.4722523598,384867884.348346,35404962.8210274,6,12,12,35,1.2,17,22,40,17,0.538820646196881,0.0204524153028017,3576,480,0.115624803480478,0.0188338310103579,0.000289429723951991,0.0991863159979908,0.0584835950531946,558,1199,308,2,895
849,5671.33050496145,20360.2111439448,144539.659013059,52546.1888548294,387557012.739548,34344658.2052374,6,12,12,35,1.5,14,22,40,17,0.544289541323559,0.00599790989125853,3643,50,0.015882198930899,0.0604529230957123,0.00157832703507577,0.0872222007503564,0.0412839124530109,265,352,678,3,819
857,4632.85637763286,36468.5409014192,158409.709083799,50728.0701165256,386807330.310149,34974861.7455336,6,12,12,35,1.5,17,22,40,17,0.54276490806391,0.0145891018449012,3623,274,0.115751126073138,0.0190446670851226,0,0.099362888768935,0.0585396704817989,559,1201,315,1,898
