"sim_id","HIV_neg_female","HIV_neg_male","HIV_pos_female","HIV_pos_male","tb_mort_mse_total","hiv_prev_mse_male","hiv_prev_mse_female","hiv_prev_mse","b1_calib_id.x","b2_calib_id.x","mh2_calib_id.x","mh3_calib_id.x","mh4_calib_id.x","mtb_calib_id.x","mtbh2_calib_id.x","mtbh3_calib_id.x","mtbh4_calib_id.x","norm_hiv_prev_mse","norm_tb_mort_mse","norm_hiv_prev_tb_mort_mse","tbmort_rank_total","tbmort_HIV_neg_male","tbmort_HIV_neg_female","tbmort_HIV_pos_male","tbmort_HIV_pos_female","hivprev_rank_total","hivprev_male","hivprev_female","hiv_tb_rank","b1_calib_id.y","b2_calib_id.y","mh2_calib_id.y","mh3_calib_id.y","mh4_calib_id.y","mtb_calib_id.y","mtbh2_calib_id.y","mtbh3_calib_id.y","mtbh4_calib_id.y"
4621,3044.25359363045,12247.1535644785,2010340.54259472,1628120.79202336,3653752.74177618,26086404.9432155,1077497208.75826,1103583613.70148,10.8,10.8,10,50,1.5,10,30,70,25,0,0.71061139425578,0.71061139425578,4663,2,44,4645,4677,1,2068,1,2351,10.8,10.8,10,50,1.5,10,30,70,25
4622,3056.76890859512,12370.2692915389,1901280.79619574,1584434.59885752,3501142.43325339,26297326.5943119,1084342476.88097,1110639803.47529,10.8,10.8,10,50,1.5,10,30,70,20,0.00739790849151283,0.679817540428717,0.687215448920229,4651,4,47,4635,4665,2,2150,2,2349,10.8,10.8,10,50,1.5,10,30,70,20
4645,3040.11527064864,12238.0557973425,2010639.4209512,1629148.50183451,3655066.09385369,26345796.5093221,1084519187.09551,1110864983.60483,10.8,10.8,10,50,1.2,10,30,70,25,0.00763399369413227,0.710876403692494,0.718510397386627,4664,1,43,4646,4678,3,2176,3,2352,10.8,10.8,10,50,1.2,10,30,70,25
