"sim_id","HIV_neg_female","HIV_neg_male","HIV_pos_female","HIV_pos_male","hiv_prev_mse_male","hiv_prev_mse_female","hiv_prev_mse","max_perc_diff_male","max_perc_diff_female","b1_contact","b2_contact","hiv2_mort","hiv3_mort","hiv4_mort","tb_hiv1_mort","tb_hiv2_mort","tb_hiv3_mort","tb_hiv4_mort","hiv_prev_mse_male_norm","hiv_prev_mse_female_norm","hiv_prev_mse_male_norm_rank","hiv_prev_mse_female_norm_rank","tb_mort_mse_male_neg_norm","tb_mort_mse_female_neg_norm","tb_mort_mse_male_pos_norm","tb_mort_mse_female_pos_norm","tb_mort_mse_overall_norm","tbmort_rank_total","tbmort_HIV_neg_male","tbmort_HIV_neg_female","tbmort_HIV_pos_male","tbmort_HIV_pos_female"
2469,2426.60825257005,9658.26757752374,11686.6709777498,104226.798191609,124854959.028227,177884054.224004,302739013.252231,0.0330067551553811,0.0524146734549128,8,11,8,45,1.2,14,30,40,17,0.237590255723489,0.377307769372809,2727,3628,0.0165254182655402,0.0527369993775865,0.0882557693027965,0.000113019547647959,0.0403631201837587,88,101,256,226,2
2477,2333.02911090898,19169.9401146867,11925.6305440492,94192.057699423,123197115.205392,178345272.96905,301542388.174442,0.0328699449574589,0.0524842140118166,8,11,8,45,1.2,17,30,40,17,0.232568726424354,0.378735998124265,2675,3635,0.0989825823304496,0.0447869254290291,0.077826744601867,0.000534050188438789,0.0522621399889875,173,379,224,203,4
2485,2428.54196050678,9662.52750913339,11622.5257601034,103679.916740342,125581657.978479,174408598.392784,299990256.371264,0.0330103329042382,0.0516632525836137,8,11,8,45,1.5,14,30,40,17,0.239791391934319,0.366545531289722,2748,3552,0.0165623478253279,0.0529012787332105,0.0876873998299447,0,0.0401989452606911,87,102,258,225,1
2493,2337.09393901197,19178.1346839983,11871.1917208719,93666.1146061943,123913977.35323,174862660.566352,298776637.919582,0.0328735046010434,0.0517325901954647,8,11,8,45,1.5,17,30,40,17,0.234740067433216,0.36795159871045,2700,3563,0.0990536214608999,0.045132255418526,0.077280136195318,0.000438132653262563,0.0521526560304594,172,380,228,202,3
