"sim_id","HIV_neg_female","HIV_neg_male","HIV_pos_female","HIV_pos_male","hiv_prev_mse_male","hiv_prev_mse_female","hiv_prev_mse","max_perc_diff_male","max_perc_diff_female","b1_contact","b2_contact","hiv2_mort","hiv3_mort","hiv4_mort","tb_hiv1_mort","tb_hiv2_mort","tb_hiv3_mort","tb_hiv4_mort","hiv_prev_mse_male_norm","hiv_prev_mse_female_norm","hiv_prev_mse_male_norm_rank","hiv_prev_mse_female_norm_rank","tb_mort_mse_male_neg_norm","tb_mort_mse_female_neg_norm","tb_mort_mse_male_pos_norm","tb_mort_mse_female_pos_norm","tb_mort_mse_overall_norm","tbmort_rank_total","tbmort_HIV_neg_male","tbmort_HIV_neg_female","tbmort_HIV_pos_male","tbmort_HIV_pos_female"
673,2927.70401459215,10288.6876682567,76526.3126111891,17246.9697790272,175763066.694726,102207617.824002,277970684.518728,0.0398721405757248,0.041893854283945,6,11,8,45,1.2,14,22,40,17,0.20005807295791,0.381501931762138,1926,4351,0.0152410063788146,0.0237578311305978,0.000280095781996805,0.0653095889234963,0.0274766729135304,292,286,362,4,650
681,3202.48192623332,13602.1767609721,83766.7348501942,17048.3968990862,174357645.531071,102240297.264726,276597942.795797,0.039787346247827,0.041960879964991,6,11,8,45,1.2,17,22,40,17,0.196791536235736,0.381714336690561,1872,4352,0.0360614774913336,0.0335311788420151,0.000109429524373932,0.0732221030673892,0.0359179910441987,409,507,481,2,696
689,2931.4339437754,10291.1425745405,76716.5292247673,17100.0024220713,177162976.773414,98344002.8076912,275506979.581105,0.0398760353599373,0.0408172716681186,6,11,8,45,1.5,14,22,40,17,0.203311800593463,0.356389786242035,1981,4172,0.0152564319027669,0.0238904978891054,0.000153782617722599,0.0655174623866256,0.0275307594596789,295,287,368,3,652
697,3210.03053295458,13608.1811569111,83966.6750995657,16921.0739231906,175748174.424407,98368029.1491456,274116203.573553,0.0397912190617605,0.0408841081461216,6,11,8,45,1.5,17,22,40,17,0.200023459740797,0.356545949053385,1924,4173,0.0360992064074996,0.0337996689756763,0,0.0734406027624157,0.0360119559053599,410,508,483,1,700
