"year","max_prev","min_prev","mean_prev"
2017,3490.39647857635,2542.36699240153,3022.02436239069
