"sim_id","HIV_neg_female","HIV_neg_male","HIV_pos_female","HIV_pos_male","tb_mort_mse_total","hiv_prev_mse_male","hiv_prev_mse_female","hiv_prev_mse","max_perc_diff_male","max_perc_diff_female","b1_contact","b2_contact","hiv2_mort","hiv3_mort","hiv4_mort","tb_hiv1_mort","tb_hiv2_mort","tb_hiv3_mort","tb_hiv4_mort","hiv_prev_mse_male_norm","hiv_prev_mse_female_norm","tbmort_rank_total","tbmort_HIV_neg_male","tbmort_HIV_neg_female","tbmort_HIV_pos_male","tbmort_HIV_pos_female"
2601,11547.5534842137,56033.4907615035,23829.3284870289,69457.5067933783,160867.879526124,229185812.607185,68239140.187411,297424952.794596,0.0440596567339451,0.0330127966190198,8,12,8,45,1.2,17,22,40,17,0.225253956888003,0.223821372004597,277,393,399,298,2
2602,11498.4275002962,55715.0333232776,24201.3696380713,74016.0648384246,165430.89530007,229994324.435107,66953512.6681971,296947837.103304,0.0440631930980003,0.0325634173799594,8,12,8,45,1.2,17,22,40,20,0.226928610616861,0.209920439303942,289,391,397,307,4
2617,11568.4012468035,56049.5739934157,23786.8384193241,68846.7240371358,160251.537696679,231082891.678979,65267570.5127815,296350462.191761,0.0440634410278499,0.0318839769129996,8,12,8,45,1.5,17,22,40,17,0.229183337302495,0.191691078085879,275,394,400,296,1
2618,11519.1645104473,55731.0102721634,24098.3207899199,73363.5034863381,164711.999058869,231906026.893371,64023639.9947876,295929666.888159,0.0440669768979746,0.0314355288483774,8,12,8,45,1.5,17,22,40,20,0.230888280147523,0.178240996972574,288,392,398,305,3
