"sim_id","HIV_neg_female","HIV_neg_male","HIV_pos_female","HIV_pos_male","hiv_prev_mse_male","hiv_prev_mse_female","hiv_prev_mse","max_perc_diff_male","max_perc_diff_female","b1_contact","b2_contact","hiv2_mort","hiv3_mort","hiv4_mort","tb_hiv1_mort","tb_hiv2_mort","tb_hiv3_mort","tb_hiv4_mort","hiv_prev_mse_male_norm","hiv_prev_mse_female_norm","tb_mort_mse_male_neg_norm","tb_mort_mse_female_neg_norm","tb_mort_mse_male_pos_norm","tb_mort_mse_female_pos_norm","tb_mort_mse_overall_norm","tbmort_rank_total","tbmort_HIV_neg_male","tbmort_HIV_neg_female","tbmort_HIV_pos_male","tbmort_HIV_pos_female"
806,3119.32608373613,11110.5708276086,21810.8420488422,55261.6447565255,243805654.281169,64407653.234154,308213307.515323,0.0449706998247521,0.031331616998057,6,12,8,45,1.2,14,30,40,20,0.255535730795499,0.182393165557031,0.0161103689281107,0.0171977588687552,0.0328149072860681,8.41588526161143e-05,0.0165313454009784,40,278,267,587,2
822,3126.04573634935,11114.0679765126,21737.6149426799,54752.5089046953,245829753.404562,61631610.8807184,307461364.28528,0.0449747814548135,0.0301997328542142,6,12,8,45,1.5,14,30,40,20,0.259728205200337,0.152377023748808,0.0161313939441611,0.0174097088467791,0.0323374911663234,0,0.016409467908085,37,279,271,580,1
1725,7320.37071731817,33347.7545704351,22021.687939195,79732.1245631294,248319128.949185,60309854.8460505,308628983.795236,0.0451718772790473,0.0298580205003831,7,12,8,45,1.5,17,30,40,17,0.264884396976837,0.138085449081956,0.149801314878409,0.149706293017422,0.0557608488762448,0.000326480980866847,0.0767277205362997,684,877,885,706,3
2485,3174.66075435434,11811.3099539986,22068.9983693521,68435.9308745425,247449196.09311,61591239.044864,309040435.137974,0.0451143001271278,0.0302484053922031,8,11,8,45,1.5,14,30,40,17,0.263082523150169,0.151940500599742,0.0203232439825648,0.0189431143054969,0.0451684206681274,0.000380854173082931,0.0215180541099755,151,345,295,655,4
