"sim_id","HIV_neg_female","HIV_neg_male","HIV_pos_female","HIV_pos_male","hiv_prev_mse_male","hiv_prev_mse_female","b1_contact","b2_contact","hiv2_mort","hiv3_mort","hiv4_mort","tb_hiv1_mort","tb_hiv2_mort","tb_hiv3_mort","tb_hiv4_mort","hiv_prev_mse_male_norm","hiv_prev_mse_female_norm","hiv_prev_mse_male_norm_rank","hiv_prev_mse_female_norm_rank","tb_mort_mse_male_neg_norm","tb_mort_mse_female_neg_norm","tb_mort_mse_male_pos_norm","tb_mort_mse_female_pos_norm","tb_mort_mse_overall_norm","tbmort_rank_total","tbmort_HIV_neg_male","tbmort_HIV_neg_female","tbmort_HIV_pos_male","tbmort_HIV_pos_female"
1669,4472.80265355149,21679.2379739404,34632.5579869242,187517.286567434,148922020.350622,58415291.4793459,7,12,8,35,1.2,14,30,40,17,0.106336242278724,0.414001464237501,1219,4201,0.0333059511612162,0.0307861641747896,0.137668923471387,4.95922713282458e-05,0.0541339777900158,475,693,599,1461,2
1670,4461.3301611127,21514.9033116008,34777.6017372089,197056.016551954,149634763.128107,57366330.6838306,7,12,8,35,1.2,14,30,40,20,0.107977278006047,0.39873119930785,1232,4046,0.0322282523281371,0.0302369315474146,0.147152957821446,0.000192557972399856,0.0566966915132641,521,684,592,1509,4
1685,4476.15066209989,21695.5741933293,34582.2448771036,186420.167004759,150003525.669748,56932788.4661775,7,12,8,35,1.5,14,30,40,17,0.108826325551456,0.392419900973292,1241,4005,0.0334130833043792,0.030946446305401,0.136578094856318,0,0.0538453343788514,470,694,603,1455,1
1686,4464.65087389163,21531.0649650994,34688.9057587117,195920.249082908,150730806.486056,55908169.9613352,7,12,8,35,1.5,14,30,40,20,0.110500834001153,0.37750399936128,1253,3871,0.0323342396765644,0.0303959069238689,0.146023702909357,0.000105132745713484,0.0563846800166077,514,685,596,1499,3
