"sim_id","HIV_neg_female","HIV_neg_male","HIV_pos_female","HIV_pos_male","hiv_prev_mse_male","hiv_prev_mse_female","b1_contact","b2_contact","hiv2_mort","hiv3_mort","hiv4_mort","tb_hiv1_mort","tb_hiv2_mort","tb_hiv3_mort","tb_hiv4_mort","hiv_prev_mse_male_norm","hiv_prev_mse_female_norm","hiv_prev_mse_male_norm_rank","hiv_prev_mse_female_norm_rank","tb_mort_mse_male_neg_norm","tb_mort_mse_female_neg_norm","tb_mort_mse_male_pos_norm","tb_mort_mse_female_pos_norm","tb_mort_mse_overall_norm","tbmort_rank_total","tbmort_HIV_neg_male","tbmort_HIV_neg_female","tbmort_HIV_pos_male","tbmort_HIV_pos_female"
3496,3829.73445601477,28483.3801386339,131547.064604395,381897.094618319,253980145.319372,33767076.3019784,9,12,8,45,1.2,14,30,60,20,0.348224539102589,0.0551846453338492,3098,1420,0.0812228072014069,0,0.334436203927999,0.0918694602779598,0.126882117851841,1099,1003,1,1881,845
3512,3833.9227350727,28502.3367819531,131282.940019556,380233.901058315,255504463.582677,33299955.8110431,9,12,8,45,1.5,14,30,60,20,0.351734165308443,0.0483845307050214,3101,1218,0.0813523814379548,0.00019981330881806,0.332783384836868,0.0916048035019963,0.126485095771409,1098,1005,3,1879,840
5160,3833.45594142832,30721.8567998938,148635.338923717,414067.9123929,255635231.162518,33706331.1433673,11,11,8,45,1.2,14,30,60,20,0.352035247658589,0.054300346636366,3102,1394,0.0965234540263368,0.000177543641174272,0.366406350442389,0.108992166181643,0.143024878572886,1185,1081,2,1907,942
5176,3837.88401366726,30742.2415808816,148350.863512603,412350.29639399,257165585.874628,33250399.7944502,11,11,8,45,1.5,14,30,60,20,0.355558772326089,0.0476631181360604,3107,1201,0.0966627900041903,0.000388796939608187,0.364699448382101,0.108707117574023,0.142614538224981,1184,1082,4,1906,939
