"X","sim_id","HIV_neg_female","HIV_neg_male","HIV_pos_female","HIV_pos_male","tb_mort_mse_total","hiv_prev_mse_male","hiv_prev_mse_female","hiv_prev_mse","max_perc_diff_male","max_perc_diff_female","b1_contact","b2_contact","hiv2_mort","hiv3_mort","hiv4_mort","tb_hiv1_mort","tb_hiv2_mort","tb_hiv3_mort","tb_hiv4_mort","hiv_prev_mse_male_norm","hiv_prev_mse_female_norm","avg_prev_mse_norm","tbmort_rank_total","tbmort_HIV_neg_male","tbmort_HIV_neg_female","tbmort_HIV_pos_male","tbmort_HIV_pos_female"
662,662,3348.17592129873,11289.6408181036,26104.6222313535,37725.1212346214,78467.5602053772,152146469.58034,93014619.6618237,245161089.242164,0.0365125871627972,0.0393542552005633,6,11,8,35,1.5,14,30,40,20,0.0656839684063632,0.491707884741095,0.278695926573729,1,415,512,427,104
670,670,3461.83289039195,13102.6784201935,29999.5273158058,32719.7825810977,79283.8212074888,150720406.602672,93616970.7493877,244337377.352059,0.0363984541643511,0.0394849298515841,6,11,8,35,1.5,17,30,40,20,0.0627301938285961,0.498220845770051,0.280475519799324,2,591,572,330,184
1573,1573,2985.36430749958,10145.6420141674,29624.0196033203,38459.0835509614,81214.1094759487,240387320.966955,66560871.9357364,306948192.902691,0.0448149274282846,0.0321419966359714,7,11,8,45,1.2,14,30,40,17,0.248455408116923,0.205674985378989,0.227065196747956,4,237,246,435,178
1589,1589,2991.14957793895,10149.0037532597,29660.3791849277,38088.3410883927,80888.8736045191,242378934.230486,63690415.469558,306069349.700044,0.0448190096717855,0.0310065261915363,7,11,8,45,1.5,14,30,40,17,0.252580595236066,0.174637984723538,0.213609289979802,3,240,251,430,179
