"sim_id","HIV_neg_female","HIV_neg_male","HIV_pos_female","HIV_pos_male","hiv_prev_mse_male","hiv_prev_mse_female","b1_contact","b2_contact","hiv2_mort","hiv3_mort","hiv4_mort","tb_hiv1_mort","tb_hiv2_mort","tb_hiv3_mort","tb_hiv4_mort","hiv_prev_mse_male_norm","hiv_prev_mse_female_norm","hiv_prev_mse_male_norm_rank","hiv_prev_mse_female_norm_rank","tb_mort_mse_male_neg_norm","tb_mort_mse_female_neg_norm","tb_mort_mse_male_pos_norm","tb_mort_mse_female_pos_norm","tb_mort_mse_overall_norm","tbmort_rank_total","tbmort_HIV_neg_male","tbmort_HIV_neg_female","tbmort_HIV_pos_male","tbmort_HIV_pos_female"
5415,1785.60084768953,5127.11953454675,44495.0963567429,159714.168935002,110315392.837113,144853036.014895,12,6,8,45,1.2,14,30,60,17,0.236323567777072,0.36624625665334,2618,3743,0.000194768504270604,0.0146287564902891,0.0684416117662265,0.0187756121019626,0.0291298721593687,85,3,176,131,127
5416,1781.76870191829,5085.45601237353,47675.3422078351,165088.957049326,110638232.356073,143320568.984605,12,6,8,45,1.2,14,30,60,20,0.237381073963621,0.360894864186635,2632,3703,0,0.0144870153908687,0.0710865738454633,0.0208316903693318,0.0304728823426123,91,1,173,142,135
5431,1787.10940173791,5132.89427217117,44356.3381646335,159048.212376055,111042769.418797,141709867.17125,12,6,8,45,1.5,14,30,60,17,0.238706191929035,0.355270274959119,2645,3665,0.000221764229811667,0.0146845539787246,0.0681138909691703,0.0186859027786668,0.0290212017660584,84,4,177,129,125
5432,1783.26061276685,5091.15754562424,47509.9551493227,164402.487998632,111374365.970658,140195625.100862,12,6,8,45,1.5,14,30,60,20,0.239792383006759,0.349982524261665,2659,3628,2.66535099618644e-05,0.0145421972906543,0.0707487587411216,0.0207247650709009,0.03035582730373,89,2,175,141,133
