"sim_id","HIV_neg_female","HIV_neg_male","HIV_pos_female","HIV_pos_male","hiv_prev_mse_male","hiv_prev_mse_female","hiv_prev_mse","max_perc_diff_male","max_perc_diff_female","b1_contact","b2_contact","hiv2_mort","hiv3_mort","hiv4_mort","tb_hiv1_mort","tb_hiv2_mort","tb_hiv3_mort","tb_hiv4_mort","hiv_prev_mse_male_norm","hiv_prev_mse_female_norm","hiv_prev_mse_male_norm_rank","hiv_prev_mse_female_norm_rank","tb_mort_mse_male_neg_norm","tb_mort_mse_female_neg_norm","tb_mort_mse_male_pos_norm","tb_mort_mse_female_pos_norm","tb_mort_mse_overall_norm","tbmort_rank_total","tbmort_HIV_neg_male","tbmort_HIV_neg_female","tbmort_HIV_pos_male","tbmort_HIV_pos_female"
5415,1785.60084768953,5127.11953454675,44495.0963567429,159714.168935002,128407144.537514,151721642.565705,280128787.103218,0.0339162647469668,0.049818347495295,12,6,8,45,1.2,14,30,60,17,0.240430726927075,0.35452103640774,2622,3733,0.000194768504270584,0.0146287564902892,0.0707705988675429,0.0205996130375249,0.0303757685704323,906,3,607,1334,1005
5416,1781.76870191829,5085.45601237353,47675.3422078351,165088.957049326,128750078.944098,150140804.300841,278890883.244939,0.0339190604843515,0.0494864985552237,12,6,8,45,1.2,14,30,60,20,0.241418332445515,0.349273960145152,2638,3699,0,0.0144870153908688,0.0734089482828354,0.0226518692548824,0.0317156483394891,933,1,598,1357,1050
5432,1783.26061276685,5091.15754562424,47509.9551493227,164402.487998632,129527558.704398,146925588.012737,276453146.717135,0.0339224919521142,0.0487440699554139,12,6,8,45,1.5,14,30,60,20,0.243657370835964,0.338602099880025,2660,3627,2.66535099618517e-05,0.0145421972906543,0.0730719777493016,0.0225451427202071,0.0315989063009758,928,2,603,1355,1047
5444,1711.14048613505,5132.58550740233,26016.7070457057,103790.344551832,210428300.56471,106266324.00977,316694624.574479,0.0403746310732996,0.0435650514261062,12,6,12,35,1.2,14,22,60,20,0.476640756501424,0.203646953774301,3803,2540,0.000220320817227676,0.0118746614897318,0.0433189884553973,0.00867525525955485,0.0180172695758775,511,4,495,1083,606
