"sim_id","HIV_neg_female","HIV_neg_male","HIV_pos_female","HIV_pos_male","hiv_prev_mse_male","hiv_prev_mse_female","hiv_prev_mse","max_perc_diff_male","max_perc_diff_female","b1_contact","b2_contact","hiv2_mort","hiv3_mort","hiv4_mort","tb_hiv1_mort","tb_hiv2_mort","tb_hiv3_mort","tb_hiv4_mort","hiv_prev_mse_male_norm","hiv_prev_mse_female_norm","hiv_prev_mse_male_norm_rank","hiv_prev_mse_female_norm_rank","tb_mort_mse_male_neg_norm","tb_mort_mse_female_neg_norm","tb_mort_mse_male_pos_norm","tb_mort_mse_female_pos_norm","tb_mort_mse_overall_norm","tbmort_rank_total","tbmort_HIV_neg_male","tbmort_HIV_neg_female","tbmort_HIV_pos_male","tbmort_HIV_pos_female"
557,1916.58296120239,14767.7237181634,15552.3111939845,103158.264642236,118231703.69229,164502296.349259,282734000.04155,0.0326116873412882,0.0511302505169484,6,10,8,45,1.2,17,30,40,17,0.21112680950624,0.396942242029178,2251,4059,0.0452626350495202,0.0194734440053273,0.0354082957622764,0.000503171979561644,0.0237206561335209,101,288,249,86,4
573,1921.01932364243,14780.555683921,15453.8563238992,102628.943325064,118940911.079395,161156305.157373,280097216.236768,0.0326150342185836,0.0503862369166733,6,10,8,45,1.5,17,30,40,17,0.213169232534597,0.38583631718665,2283,3967,0.0453226218832562,0.019637533506932,0.0351464015575044,0.000439547357378994,0.0236678157525027,99,289,252,84,3
1333,1940.76473214302,6358.25669300452,14773.6860300332,84779.9334395969,118434466.474908,163706102.810657,282140569.285565,0.0325619303103732,0.0507350370893226,7,9,8,45,1.5,14,30,40,17,0.211710739375052,0.394299537642728,2259,4041,0.00595008467528028,0.0203678647825282,0.0263151829795393,0,0.0131581447854235,29,69,262,55,1
1341,1654.41545500557,10998.2304080649,14885.4190797715,76246.6310010713,117057439.890019,165152628.275223,282210068.165241,0.0324456330731176,0.0508809679831632,7,9,8,45,1.5,17,30,40,17,0.20774508580351,0.399100806436032,2201,4078,0.0276410194114224,0.00977655020771962,0.0220931303553284,7.22053979529447e-05,0.0141331146498128,36,210,148,46,2
