"sim_id","HIV_neg_female","HIV_neg_male","HIV_pos_female","HIV_pos_male","tb_mort_mse_total","hiv_prev_mse_male","hiv_prev_mse_female","hiv_prev_mse","b1_calib_id.x","b2_calib_id.x","mh2_calib_id.x","mh3_calib_id.x","mh4_calib_id.x","mtb_calib_id.x","mtbh2_calib_id.x","mtbh3_calib_id.x","mtbh4_calib_id.x","norm_hiv_prev_mse","norm_tb_mort_mse","norm_hiv_prev_tb_mort_mse","tbmort_rank_total","tbmort_HIV_neg_male","tbmort_HIV_neg_female","tbmort_HIV_pos_male","tbmort_HIV_pos_female","hivprev_rank_total","hivprev_male","hivprev_female","hiv_tb_rank","b1_calib_id.y","b2_calib_id.y","mh2_calib_id.y","mh3_calib_id.y","mh4_calib_id.y","mtb_calib_id.y","mtbh2_calib_id.y","mtbh3_calib_id.y","mtbh4_calib_id.y"
4621,3012.28257563948,11806.386835991,2038350.78231653,1581935.06488609,3635104.51661425,25893024.391434,955712415.181947,981605439.573381,10.8,10.8,10,50,1.5,10,30,70,25,0,0.703170063161336,0.703170063161336,4663,2,44,4645,4673,1,1996,1,2351,10.8,10.8,10,50,1.5,10,30,70,25
4622,3026.30517468602,11931.6602185757,1926886.92249003,1539223.25002117,3481068.13790446,26107398.8343548,962964102.083145,989071500.9175,10.8,10.8,10,50,1.5,10,30,70,20,0.00781226443869334,0.672314097531854,0.680126361970548,4649,4,46,4635,4659,3,2098,3,2349,10.8,10.8,10,50,1.5,10,30,70,20
4645,3008.02856178386,11798.0382178369,2038627.10422061,1582955.41653543,3636388.58753566,26156282.9275805,962744239.203348,988900522.130929,10.8,10.8,10,50,1.2,10,30,70,25,0.0076333573238797,0.703427283232003,0.711060640555882,4664,1,43,4646,4674,2,2116,2,2352,10.8,10.8,10,50,1.2,10,30,70,25
