"sim_id","HIV_neg_female","HIV_neg_male","HIV_pos_female","HIV_pos_male","hiv_prev_mse_male","hiv_prev_mse_female","hiv_prev_mse","max_perc_diff_male","max_perc_diff_female","b1_contact","b2_contact","hiv2_mort","hiv3_mort","hiv4_mort","tb_hiv1_mort","tb_hiv2_mort","tb_hiv3_mort","tb_hiv4_mort","hiv_prev_mse_male_norm","hiv_prev_mse_female_norm","hiv_prev_mse_male_norm_rank","hiv_prev_mse_female_norm_rank","tb_mort_mse_male_neg_norm","tb_mort_mse_female_neg_norm","tb_mort_mse_male_pos_norm","tb_mort_mse_female_pos_norm","tb_mort_mse_overall_norm","tbmort_rank_total","tbmort_HIV_neg_male","tbmort_HIV_neg_female","tbmort_HIV_pos_male","tbmort_HIV_pos_female"
5031,1811.66258621471,11365.8387265243,108733.80476082,339131.705164615,140805617.988648,153108577.500991,293914195.489639,0.0349418340373168,0.0495650126753563,11,10,8,45,1.2,14,30,60,17,0.285904035469823,0.30058701904135,3053,3221,0.0313284378013284,0.000493909356771524,0.332390540809715,0.171103524578966,0.157412689048224,446,206,3,521,524
5032,1805.84885240996,11297.4291531096,115309.218816933,347777.514291818,141206821.876358,151529020.636189,292735842.512548,0.0349452629422046,0.0492344938588089,11,10,8,45,1.2,14,30,60,20,0.28711926277249,0.295695698918084,3057,3193,0.0307353917942643,0,0.341376060367229,0.182688960711042,0.163366584682334,454,202,1,527,537
5047,1814.46398149509,11372.6832138017,108422.654664615,337966.784882202,141656337.385966,149897133.850165,291553471.236131,0.0349455232661372,0.0488224140177068,11,10,8,45,1.5,14,30,60,17,0.288480823657067,0.29064233182935,3062,3161,0.0313877730032255,0.000731903628174827,0.33117984857414,0.17055529909289,0.156944479626389,445,207,4,519,522
5048,1808.63486307083,11304.2198715474,114963.75469604,346582.923872297,142066538.284015,148337227.659347,290403765.943362,0.0349489517408707,0.048492275275261,11,10,8,45,1.5,14,30,60,20,0.289723302471846,0.285811862783518,3065,3128,0.0307942608714065,0.000236687261522806,0.340134532197928,0.182080276227545,0.162870632154228,453,203,2,526,536
