"calibration_group","max_incidence","min_incidence","mean_incidence"
"HIV_neg_female",304.64651967482,186.89735040711,251.503074440588
"HIV_neg_male",368.93986355821,226.61074415943,304.579082651675
"HIV_pos_female",1081.2820297745,697.420336085201,907.47525552758
"HIV_pos_male",518.1475438619,324.90050948362,430.743291948458
