"max_incidence","min_incidence","mean_incidence"
2272.62459801661,1435.82894013536,1894.3007045683
