"max_mort","min_mort","mean_mort"
318.24737072603,229.921428374532,268.135143366882
