"max_incidence","min_incidence","mean_incidence"
2215.80300695523,1473.14953734714,1895.62642300323
