"sim_id","HIV_neg_female","HIV_neg_male","HIV_pos_female","HIV_pos_male","hiv_prev_mse_male","hiv_prev_mse_female","hiv_prev_mse","max_perc_diff_male","max_perc_diff_female","b1_contact","b2_contact","hiv2_mort","hiv3_mort","hiv4_mort","tb_hiv1_mort","tb_hiv2_mort","tb_hiv3_mort","tb_hiv4_mort","hiv_prev_mse_male_norm","hiv_prev_mse_female_norm","hiv_prev_mse_male_norm_rank","hiv_prev_mse_female_norm_rank","tb_mort_mse_male_neg_norm","tb_mort_mse_female_neg_norm","tb_mort_mse_male_pos_norm","tb_mort_mse_female_pos_norm","tb_mort_mse_overall_norm","tbmort_rank_total","tbmort_HIV_neg_male","tbmort_HIV_neg_female","tbmort_HIV_pos_male","tbmort_HIV_pos_female"
6184,12390.3803604896,50432.1247872105,265322.193811841,66303.1079267906,105744210.63221,197293273.113,303037483.74521,0.0314616835734402,0.0556521989669221,12,12,8,45,1.2,14,30,60,20,0.248069492439722,0.405493147992197,3132,3163,0.238960289234084,0.261337899355344,0,0.000357770346300982,0.100166968821776,28,232,248,1,2
6192,8952.85528714405,34433.830488262,269413.0912028,67808.900703971,105422758.353581,197456840.865543,302879599.219125,0.0314212927106627,0.0556715969286519,12,12,8,45,1.2,17,30,60,20,0.246848500553334,0.406018197905443,3124,3165,0.0293702518747842,0.028779060162056,0.00511076660420556,0.00773398988483066,0.0154832893540789,1,16,16,5,3
6200,12384.5088113178,50406.4842625608,265123.772144943,66321.6655402598,106365242.624592,192873941.875075,299239184.499667,0.0314652231085958,0.0548126014441463,12,12,8,45,1.5,14,30,60,20,0.250428396309124,0.391307164220931,3136,3137,0.238624378516427,0.260940671515395,6.29858454691443e-05,0,0.0999319057600053,27,230,246,2,1
6208,8951.10543930591,34427.4010517114,269613.456961775,67941.8821610044,105956890.595717,193614041.177226,299570931.772943,0.0314248154513827,0.0548946567028411,12,12,8,45,1.5,17,30,60,20,0.248877327776734,0.393682871341353,3134,3138,0.0292860212798445,0.0286606777289619,0.00556211502338019,0.00809526558670203,0.0156865539847859,2,15,15,6,4
