"","sex_id","sex_name","year","expected_total_pop"
"1",1,"male",1990,10175695.2335105
"2",1,"male",1991,10444449.7903694
"3",1,"male",1992,10713519.8390328
"4",1,"male",1993,10989202.8304719
"5",1,"male",1994,11273107.1944815
"6",1,"male",1995,11562607.0535169
"7",1,"male",1996,11860039.8388088
"8",1,"male",1997,12158058.3825431
"9",1,"male",1998,12452853.9036002
"10",1,"male",1999,12748938.687701
"11",1,"male",2000,13045798.8978403
"12",1,"male",2001,13344731.8691552
"13",1,"male",2002,13642037.6649431
"14",1,"male",2003,13932447.1361859
"15",1,"male",2004,14214822.7586982
"16",1,"male",2005,14490414.2856686
"17",1,"male",2006,14748958.902321
"18",1,"male",2007,14999080.8860854
"19",1,"male",2008,15238561.1348431
"20",1,"male",2009,15467553.8641647
"21",1,"male",2010,15689486.527444
"22",1,"male",2011,15903017.3316212
"23",1,"male",2012,16115018.7352078
"24",1,"male",2013,16323789.6430024
"25",1,"male",2014,16527467.5226681
"26",1,"male",2015,16723806.5931965
"27",1,"male",2016,16912439.745518
"28",1,"male",2017,17096026.7833859
"29",1,"male",2018,17278539.3227998
"30",1,"male",2019,17462699.7945139
"31",2,"female",1990,10950444.8694113
"32",2,"female",1991,11242376.6195448
"33",2,"female",1992,11536799.3431559
"34",2,"female",1993,11835301.547432
"35",2,"female",1994,12140370.5256605
"36",2,"female",1995,12452424.4758099
"37",2,"female",1996,12779580.9548854
"38",2,"female",1997,13121021.7758629
"39",2,"female",1998,13461869.2350691
"40",2,"female",1999,13801316.6418536
"41",2,"female",2000,14132607.4602146
"42",2,"female",2001,14448714.9154687
"43",2,"female",2002,14749625.1429929
"44",2,"female",2003,15028663.8567168
"45",2,"female",2004,15286050.8493113
"46",2,"female",2005,15526167.1808186
"47",2,"female",2006,15729044.3125413
"48",2,"female",2007,15923150.5712518
"49",2,"female",2008,16109876.9533828
"50",2,"female",2009,16291604.6129183
"51",2,"female",2010,16470909.9240877
"52",2,"female",2011,16624043.3037442
"53",2,"female",2012,16774557.3638876
"54",2,"female",2013,16922481.594306
"55",2,"female",2014,17064942.1840125
"56",2,"female",2015,17200714.9755242
"57",2,"female",2016,17331247.4396286
"58",2,"female",2017,17461770.4678817
"59",2,"female",2018,17595969.9438706
"60",2,"female",2019,17733894.4101073
