"sim_id","HIV_neg_female","HIV_neg_male","HIV_pos_female","HIV_pos_male","tb_mort_mse_total","hiv_prev_mse_male","hiv_prev_mse_female","hiv_prev_mse","max_perc_diff_male","max_perc_diff_female","b1_contact","b2_contact","hiv2_mort","hiv3_mort","hiv4_mort","tb_hiv1_mort","tb_hiv2_mort","tb_hiv3_mort","tb_hiv4_mort","tbmort_rank_total","tbmort_HIV_neg_male","tbmort_HIV_neg_female","tbmort_HIV_pos_male","tbmort_HIV_pos_female"
2947,4531.08837901955,15913.0526263263,20693.3415660245,34519.83462603,75657.3171974003,259316957.220315,12355575.9721326,271672533.192447,0.0422359338434456,0.0188665250622976,9,8,8,35,1.2,14,22,60,17,71,461,490,415,2
2963,4533.30859380273,15915.9619393214,20610.0457130984,34355.073762907,75414.3900091295,260649790.287234,12375291.1631323,273025081.450366,0.0422801721314644,0.0188665250622976,9,8,8,35,1.5,14,22,60,17,66,462,492,412,1
4635,3537.35540174931,11395.5246730445,20830.0252974267,38757.438426675,74520.3437988955,262330757.224019,13152915.4511722,275483672.675191,0.0423251455854256,0.019614822578221,11,7,8,35,1.5,17,22,60,17,54,43,44,457,4
5395,4366.64443718787,15343.7056083123,20773.8657532147,32423.331608559,72907.5474072738,261288029.185167,13101771.9931141,274389801.178281,0.0422190324360518,0.0197722061904679,12,6,8,35,1.5,14,22,60,17,38,416,441,387,3
