"sim_id","HIV_neg_female","HIV_neg_male","HIV_pos_female","HIV_pos_male","hiv_prev_mse_male","hiv_prev_mse_female","hiv_prev_mse","max_perc_diff_male","max_perc_diff_female","b1_contact","b2_contact","hiv2_mort","hiv3_mort","hiv4_mort","tb_hiv1_mort","tb_hiv2_mort","tb_hiv3_mort","tb_hiv4_mort","hiv_prev_mse_male_norm","hiv_prev_mse_female_norm","tb_mort_mse_male_neg_norm","tb_mort_mse_female_neg_norm","tb_mort_mse_male_pos_norm","tb_mort_mse_female_pos_norm","tb_mort_mse_overall_norm","tbmort_rank_total","tbmort_HIV_neg_male","tbmort_HIV_neg_female","tbmort_HIV_pos_male","tbmort_HIV_pos_female"
5671,2587.8674549657,8509.13634314229,43472.6924623771,100770.611389699,252089856.710541,63918924.1540882,316008780.864629,0.0458638025276128,0.0309737172268235,12,8,8,45,1.2,14,30,60,17,0.272694626942547,0.177108750009515,0.000470428138926103,0.000434593989217881,0.07548861448131,0.024979809819655,0.0303215317159183,287,3,3,773,311
5672,2574.08910659047,8430.88873341272,44483.8274957489,104494.980686424,252738599.214483,63014495.8078892,315753095.022372,0.0458665534489371,0.0306173613393612,12,8,8,45,1.2,14,30,60,20,0.274038353794495,0.16732955861451,0,0,0.0789809514121065,0.0261418926699567,0.031536853224619,298,1,1,788,323
5687,2597.01538042557,8527.11162897495,43509.2014269579,100316.660082242,253993675.371344,61271876.2817611,315265551.653105,0.0458680759095522,0.0298504217777216,12,8,8,45,1.5,14,30,60,17,0.276637966927542,0.148487369571787,0.000578496363503829,0.000723136077892524,0.0750629448472032,0.0250217690439142,0.0302857406556145,286,4,5,772,312
5688,2580.38042701532,8437.09760570587,44363.4140208158,103769.036514101,254806853.61061,60346452.1627904,315153305.7734,0.0458708264089629,0.0294868948457093,12,8,8,45,1.5,14,30,60,20,0.278322286097138,0.138481159993106,3.73280186805811e-05,0.000198439607304361,0.07830023437233,0.0260035032070792,0.0313382747990197,296,2,2,787,321
