"","max_incidence","min_incidence","mean_incidence"
"1",2392.31447559185,1932.79953229599,2228.69409967963
