"year","max_prev","min_prev","mean_prev"
2017,2617.26368969684,2135.63424870854,2436.62766446457
