"sim_id","HIV_neg_female","HIV_neg_male","HIV_pos_female","HIV_pos_male","hiv_prev_mse_male","hiv_prev_mse_female","b1_contact","b2_contact","hiv2_mort","hiv3_mort","hiv4_mort","tb_hiv1_mort","tb_hiv2_mort","tb_hiv3_mort","tb_hiv4_mort","hiv_prev_mse_male_norm","hiv_prev_mse_female_norm","hiv_prev_mse_male_norm_rank","hiv_prev_mse_female_norm_rank","tb_mort_mse_male_neg_norm","tb_mort_mse_female_neg_norm","tb_mort_mse_male_pos_norm","tb_mort_mse_female_pos_norm","tb_mort_mse_overall_norm","tbmort_rank_total","tbmort_HIV_neg_male","tbmort_HIV_neg_female","tbmort_HIV_pos_male","tbmort_HIV_pos_female"
3496,4171.36124420264,29599.0998671098,153247.418134049,433961.791795559,291480494.208738,38093273.9030948,9,12,8,45,1.2,14,30,60,20,0.348898199764522,0.0571005695265773,3098,1467,0.073161750483467,0.000642948515707139,0.332689021313888,0.0948442487090647,0.125334492255532,1124,967,4,1957,869
5159,4170.17139816998,32302.9681400294,167935.312549769,458998.438066301,292305998.35936,38271891.95683,11,11,8,45,1.2,14,30,60,17,0.350577032073594,0.059535563759241,3100,1533,0.0899252776533224,0.00059550443613201,0.354423583993555,0.107700809632897,0.138161293928977,1195,1085,3,1976,944
5160,4155.23679311261,32099.7897548782,173686.061252451,472055.935440582,293333954.610642,38005071.6245713,11,11,8,45,1.2,14,30,60,20,0.35266759232779,0.0558981600555231,3102,1429,0.0886656059400509,0,0.365758927875158,0.112734536657416,0.141789767618156,1220,1069,1,1983,972
5176,4159.7838850903,32120.7806908626,173395.236685505,470272.871838492,294936796.484985,37561592.9966087,11,11,8,45,1.5,14,30,60,20,0.355927300619931,0.0498524783407329,3106,1237,0.0887957462021408,0.000181311352648094,0.364211032553941,0.112479973024449,0.141417015783295,1217,1070,2,1982,971
