"sim_id","HIV_neg_female","HIV_neg_male","HIV_pos_female","HIV_pos_male","hiv_prev_mse_male","hiv_prev_mse_female","hiv_prev_mse","max_perc_diff_male","max_perc_diff_female","b1_contact","b2_contact","hiv2_mort","hiv3_mort","hiv4_mort","tb_hiv1_mort","tb_hiv2_mort","tb_hiv3_mort","tb_hiv4_mort","hiv_prev_mse_male_norm","hiv_prev_mse_female_norm","hiv_prev_mse_male_norm_rank","hiv_prev_mse_female_norm_rank","tb_mort_mse_male_neg_norm","tb_mort_mse_female_neg_norm","tb_mort_mse_male_pos_norm","tb_mort_mse_female_pos_norm","tb_mort_mse_overall_norm","tbmort_rank_total","tbmort_HIV_neg_male","tbmort_HIV_neg_female","tbmort_HIV_pos_male","tbmort_HIV_pos_female"
201,3386.07296193355,10369.2981731007,166007.533996718,32466.2758269286,182759753.394415,134949588.370456,317709341.764871,0.0380235443763289,0.0478304462324348,6,7,12,35,1.2,17,22,40,17,0.396959017521695,0.298851680852072,3148,3395,0.0247008889495224,0.0738260549770275,0.000431767151165163,0.0977320515457692,0.0491545343943903,249,194,468,2,486
202,3384.45568332358,10351.789025754,160068.484785855,31593.6197963559,183141977.83026,133769219.242775,316911197.073035,0.0380255649760795,0.0475667122969485,6,7,12,35,1.2,17,22,40,20,0.398059773103159,0.294933831082994,3151,3374,0.0246190372417961,0.0737662360500005,0,0.0938940518425758,0.0478452702111321,244,193,467,1,472
319,2365.77133312627,7137.27285999613,28648.1199637695,36877.8791412252,118170061.818032,165192629.772074,283362691.590105,0.0327537650482548,0.0511910646370709,6,8,8,45,1.5,17,30,60,17,0.21094928909996,0.399233578338927,2246,4079,0.00959182703726146,0.0360877529288602,0.00261451193072576,0.00896609397043836,0.0126100977635736,25,104,341,3,123
320,2362.14288127759,7101.4371594135,27171.1673943669,38907.2828858368,118421220.297395,163846758.490284,282267978.787679,0.0327558815230065,0.0509173510974081,6,8,8,45,1.5,17,30,60,20,0.211672592144098,0.394766398228135,2258,4045,0.00942430241529243,0.0359535459375484,0.00361860729324771,0.00801164093902896,0.0125646441402512,24,101,340,4,111
