"sim_id","HIV_neg_female","HIV_neg_male","HIV_pos_female","HIV_pos_male","hiv_prev_mse_male","hiv_prev_mse_female","hiv_prev_mse","max_perc_diff_male","max_perc_diff_female","b1_contact","b2_contact","hiv2_mort","hiv3_mort","hiv4_mort","tb_hiv1_mort","tb_hiv2_mort","tb_hiv3_mort","tb_hiv4_mort","hiv_prev_mse_male_norm","hiv_prev_mse_female_norm","tb_mort_mse_male_neg_norm","tb_mort_mse_female_neg_norm","tb_mort_mse_male_pos_norm","tb_mort_mse_female_pos_norm","tb_mort_mse_overall_norm","tbmort_rank_total","tbmort_HIV_neg_male","tbmort_HIV_neg_female","tbmort_HIV_pos_male","tbmort_HIV_pos_female"
689,3296.21421147957,11187.582661996,104844.850538335,20611.3863440801,220707262.693445,71510991.741908,292218254.435353,0.0434151215084708,0.033820162177704,6,11,8,45,1.5,14,22,40,17,0.207692512839796,0.259198483637528,0.016573367530258,0.0227771298490628,0.000323398664241489,0.0955139422868572,0.0366213017611938,372,292,341,4,727
1469,2968.40476708524,10182.4391736452,84187.9020225788,20519.9322409737,233308783.732504,66180949.8403504,299489733.572854,0.0443344922232407,0.0322358444834261,7,10,8,45,1.5,17,30,40,17,0.233793781205404,0.201567052559784,0.0105303997998344,0.0124374280021571,0.000237642253879072,0.0717732105176528,0.0261968213918579,234,183,170,3,633
1577,4741.27279037306,19921.9242408216,73250.2050001771,20409.1928717088,221058603.784688,74186402.2753324,295245006.060021,0.0435096779092977,0.0345114434632919,7,11,8,45,1.2,17,22,40,17,0.208420238332773,0.288126537226874,0.0690846208180268,0.0683568869688681,0.000133802070974266,0.0592026737327254,0.0452892442984889,447,667,658,2,563
1593,4760.22883383795,19969.9780613136,73438.0271444748,20266.5009336599,222849595.604863,71257071.1915408,294106666.796404,0.0435138893616626,0.0335618101327475,7,11,8,45,1.5,17,22,40,17,0.21212988243003,0.25645295086912,0.0693735225419324,0.068954794811292,0,0.0594185350030718,0.0454912239715664,458,670,660,1,564
