"sim_id","HIV_neg_female","HIV_neg_male","HIV_pos_female","HIV_pos_male","tb_mort_mse_total","hiv_prev_mse_male","hiv_prev_mse_female","hiv_prev_mse","max_perc_diff_male","max_perc_diff_female","b1_contact","b2_contact","hiv2_mort","hiv3_mort","hiv4_mort","tb_hiv1_mort","tb_hiv2_mort","tb_hiv3_mort","tb_hiv4_mort","hiv_prev_mse_male_norm","hiv_prev_mse_female_norm","tbmort_rank_total","tbmort_HIV_neg_male","tbmort_HIV_neg_female","tbmort_HIV_pos_male","tbmort_HIV_pos_female"
690,3283.99617390829,11121.4855775703,98257.2701616892,20620.5460391862,133283.297952354,221312840.732241,70450866.9947675,291763707.727008,0.0434178865432424,0.0334650314410785,6,11,8,45,1.5,14,22,40,20,0.208946834033083,0.247735814595323,215,113,132,2,328
1453,2961.74215489292,10178.7529934853,83985.508277164,20623.8010071038,117749.804432646,231384708.415605,69213584.5577447,300598292.973349,0.0443306809411208,0.0333809042370274,7,10,8,45,1.2,17,30,40,17,0.229808484030058,0.23435761629783,159,71,61,3,306
1469,2968.40476708524,10182.4391736452,84187.9020225788,20519.9322409737,117858.678204283,233308783.732504,66180949.8403504,299489733.572854,0.0443344922232407,0.0322358444834261,7,10,8,45,1.5,17,30,40,17,0.233793781205404,0.201567052559784,162,72,65,1,307
1470,2949.75819925662,10082.7698665371,79164.0842147712,20732.9552237457,112929.567504311,233868956.918138,65304884.6186778,299173841.536815,0.0443367860449498,0.0319176804443762,7,10,8,45,1.5,17,30,40,20,0.23495405627094,0.192094539327256,135,67,58,4,294
