"range_indicator","incidence_in_year_per_100K_people"
"max",2215.80300695523
"mean",1895.62642300323
"min",1473.14953734714
