"calibration_group","max_mort_model","min_mort_model","mean_mort_model"
"HIV_neg_female",17.9495174371059,10.641636634598,14.4773936377048
"HIV_neg_male",45.5689253312598,27.301583959274,37.016611628565
"HIV_pos_female",97.4526661587997,51.5670061170399,77.8208710407585
"HIV_pos_male",105.93945632364,55.52757423239,84.543024061088
