"max_mort","min_mort","mean_mort"
259.599386757504,145.132006651567,213.857900368116
