"range_indicator","prevalence_per_100K_people"
"max",3339.38326997693
"mean",2872.69999517827
"min",2261.85681244946
