"sim_id","HIV_neg_female","HIV_neg_male","HIV_pos_female","HIV_pos_male","hiv_prev_mse_male","hiv_prev_mse_female","hiv_prev_mse","max_perc_diff_male","max_perc_diff_female","b1_contact","b2_contact","hiv2_mort","hiv3_mort","hiv4_mort","tb_hiv1_mort","tb_hiv2_mort","tb_hiv3_mort","tb_hiv4_mort","hiv_prev_mse_male_norm","hiv_prev_mse_female_norm","hiv_prev_mse_male_norm_rank","hiv_prev_mse_female_norm_rank","tb_mort_mse_male_neg_norm","tb_mort_mse_female_neg_norm","tb_mort_mse_male_pos_norm","tb_mort_mse_female_pos_norm","tb_mort_mse_overall_norm","tbmort_rank_total","tbmort_HIV_neg_male","tbmort_HIV_neg_female","tbmort_HIV_pos_male","tbmort_HIV_pos_female"
5543,1396.91895926952,7235.27667172095,108533.043266574,281375.770040079,135130996.146037,143142497.850881,278273493.996918,0.0345608779828319,0.0486666706119199,12,7,8,45,1.2,14,30,60,17,0.259794526027592,0.326045367778649,2809,3545,0.0100499749524353,0.000252424931362571,0.123585609500531,0.0605902346434931,0.0573132332199668,279,111,3,357,367
5544,1390.09433933055,7163.11647593724,115682.404531173,289474.778054198,135542383.504561,141424101.427953,276966484.932514,0.0345640846828877,0.0482964143929553,12,7,8,45,1.2,14,30,60,20,0.260979266950912,0.320341712141722,2819,3514,0.00971264069293047,0,0.127592784716206,0.0652103759215556,0.0597834763299145,288,107,1,367,379
5559,1399.64272808413,7244.71859808549,108243.812268771,280393.678805145,135945411.349359,140030962.165419,275976373.514778,0.0345643121207425,0.0479310967777245,12,7,8,45,1.5,14,30,60,17,0.262139933585597,0.315717641408244,2827,3486,0.0100941140405279,0.000353170051563248,0.123099696701173,0.0604033245095121,0.0571403631816239,278,112,4,355,365
5560,1392.79575674128,7172.45882701132,115360.416759129,288468.619726029,136366720.050309,138333222.345782,274699942.396092,0.0345675185499631,0.0475610207507296,12,7,8,45,1.5,14,30,60,20,0.263353246656658,0.310082548618765,2837,3454,0.00975631428676404,9.99183999377558e-05,0.127094964154891,0.0650022973336099,0.0596004249838905,286,108,2,365,378
