"sim_id","HIV_neg_female","HIV_neg_male","HIV_pos_female","HIV_pos_male","hiv_prev_mse_male","hiv_prev_mse_female","b1_contact","b2_contact","hiv2_mort","hiv3_mort","hiv4_mort","tb_hiv1_mort","tb_hiv2_mort","tb_hiv3_mort","tb_hiv4_mort","hiv_prev_mse_male_norm","hiv_prev_mse_female_norm","hiv_prev_mse_male_norm_rank","hiv_prev_mse_female_norm_rank","tb_mort_mse_male_neg_norm","tb_mort_mse_female_neg_norm","tb_mort_mse_male_pos_norm","tb_mort_mse_female_pos_norm","tb_mort_mse_overall_norm","tbmort_rank_total","tbmort_HIV_neg_male","tbmort_HIV_neg_female","tbmort_HIV_pos_male","tbmort_HIV_pos_female"
1730,4311.00720669739,22211.54396772,84316.5117589279,61432.1612035884,340498960.792934,31111697.9781462,7,12,12,35,1.2,14,22,40,20,0.547427493889221,0.016528929441769,3711,372,0.0383529609994074,0.0229604330150433,0.0159702281551314,0.0445437414295173,0.0304568408997749,4,696,359,304,543
1746,4314.24599571661,22224.6544469204,84421.0450776075,60914.9197854586,342369963.512315,30707991.6555032,7,12,12,35,1.5,14,22,40,20,0.551735334537228,0.0106519676650369,3763,165,0.0384425749835168,0.0231149483043886,0.0154562131233473,0.0446484853749526,0.0304155554465513,3,699,363,290,545
3394,4152.17796576429,23062.6991629873,78165.2198161255,68021.3818954147,341353354.504795,31126056.2945546,9,11,12,35,1.2,14,22,40,20,0.549394670058036,0.016737950881309,3739,379,0.0441708572774327,0.0153830496246434,0.0225183473981486,0.0383800550972348,0.0301130773493649,2,730,232,508,490
3410,4155.61201801502,23076.9466786578,78260.4507524402,67477.8115682715,343226658.960672,30727187.732503,9,11,12,35,1.5,14,22,40,20,0.553707810278265,0.0109314148880888,3787,173,0.0442682432404762,0.0155468804805586,0.0219781676886551,0.0384754779167061,0.030067192331599,1,732,235,485,491
