"sim_id","HIV_neg_female","HIV_neg_male","HIV_pos_female","HIV_pos_male","hiv_prev_mse_male","hiv_prev_mse_female","b1_contact","b2_contact","hiv2_mort","hiv3_mort","hiv4_mort","tb_hiv1_mort","tb_hiv2_mort","tb_hiv3_mort","tb_hiv4_mort","hiv_prev_mse_male_norm","hiv_prev_mse_female_norm","hiv_prev_mse_male_norm_rank","hiv_prev_mse_female_norm_rank","tb_mort_mse_male_neg_norm","tb_mort_mse_female_neg_norm","tb_mort_mse_male_pos_norm","tb_mort_mse_female_pos_norm","tb_mort_mse_overall_norm","tbmort_rank_total","tbmort_HIV_neg_male","tbmort_HIV_neg_female","tbmort_HIV_pos_male","tbmort_HIV_pos_female"
717,4569.13614620757,20462.7667966987,154716.480342133,46531.4947888303,353100056.975744,31889036.1501459,6,11,12,35,1.2,17,30,40,17,0.576440553989809,0.0278450433300237,4017,724,0.0263995543222806,0.0352751801443192,0.00116250732627946,0.115085560641521,0.0444807006086001,319,549,501,4,963
733,4572.40020314883,20475.9204115019,154896.13305349,46288.2436037447,355035066.036932,31552292.8498221,6,11,12,35,1.5,17,30,40,17,0.58089576434397,0.0229428969092857,4063,593,0.0264894631509306,0.0354309009090018,0.000920773464197478,0.115265575339546,0.044526678215919,320,553,503,3,965
841,4286.72131172949,35084.5644555068,138887.220122218,45689.6339391929,335819757.62949,31186239.413709,6,12,12,35,1.2,17,22,40,17,0.536653986518561,0.0176140676796774,3576,417,0.126343844917249,0.0218018079654637,0.000325897735058579,0.0992244056557305,0.0619239890683754,594,1231,337,2,881
857,4291.85735096367,35104.2811602536,139072.500996404,45361.690598583,337672465.146105,30742841.8527447,6,12,12,35,1.5,17,22,40,17,0.540919703861605,0.0111593000143521,3627,182,0.126478614397362,0.0220468367659345,0,0.0994100598569081,0.0619838777550511,597,1232,342,1,884
