"sim_id","HIV_neg_female","HIV_neg_male","HIV_pos_female","HIV_pos_male","tb_mort_mse_total","hiv_prev_mse_male","hiv_prev_mse_female","hiv_prev_mse","max_perc_diff_male","max_perc_diff_female","b1_contact","b2_contact","hiv2_mort","hiv3_mort","hiv4_mort","tb_hiv1_mort","tb_hiv2_mort","tb_hiv3_mort","tb_hiv4_mort","tbmort_rank_total","tbmort_HIV_neg_male","tbmort_HIV_neg_female","tbmort_HIV_pos_male","tbmort_HIV_pos_female"
1291,3823.70688025912,12735.6100398813,26522.125813377,22476.2734470012,65557.7161805186,255317001.977639,12118824.4873654,267435826.465004,0.0419414426391161,0.0191832975503946,7,9,8,35,1.2,17,22,60,17,4,171,175,221,109
1307,3827.36592719804,12740.8824232777,26465.8551110334,22347.3273271895,65381.4307886986,256642624.020306,12118579.5900478,268761203.610354,0.0419858879756713,0.0191832975503946,7,9,8,35,1.5,17,22,60,17,3,174,176,217,104
5387,3339.03638540528,10632.6917797313,23172.5973309737,27533.0406336572,64677.3661297674,258039941.093525,12850355.0664887,270890296.160014,0.0420332012398572,0.0196654212381856,12,6,8,35,1.2,17,22,60,17,2,8,7,327,37
5403,3342.97883286942,10638.8970644466,23113.5660621529,27399.7562634136,64495.1982228825,259366922.906207,12856604.6811506,272223527.587357,0.0420775356494883,0.0196654212381856,12,6,8,35,1.5,17,22,60,17,1,9,8,321,34
