"X","sim_id","HIV_neg_female","HIV_neg_male","HIV_pos_female","HIV_pos_male","tb_mort_mse_total","hiv_prev_mse_male","hiv_prev_mse_female","hiv_prev_mse","max_perc_diff_male","max_perc_diff_female","b1_contact","b2_contact","hiv2_mort","hiv3_mort","hiv4_mort","tb_hiv1_mort","tb_hiv2_mort","tb_hiv3_mort","tb_hiv4_mort","hiv_prev_mse_male_norm","hiv_prev_mse_female_norm","avg_prev_mse_norm","tbmort_rank_total","tbmort_HIV_neg_male","tbmort_HIV_neg_female","tbmort_HIV_pos_male","tbmort_HIV_pos_female"
689,689,3296.21421147957,11187.582661996,104844.850538335,20611.3863440801,139940.033755891,220707262.693445,71510991.741908,292218254.435353,0.0434151215084708,0.033820162177704,6,11,8,45,1.5,14,22,40,17,0.207692512839796,0.259198483637528,0.233445498238662,537,399,480,4,1032
1469,1469,2968.40476708524,10182.4391736452,84187.9020225788,20519.9322409737,117858.678204283,233308783.732504,66180949.8403504,299489733.572854,0.0443344922232407,0.0322358444834261,7,10,8,45,1.5,17,30,40,17,0.233793781205403,0.201567052559784,0.217680416882594,348,245,230,3,896
1577,1577,4741.27279037306,19921.9242408216,73250.2050001771,20409.1928717088,118322.594903081,221058603.784688,74186402.2753324,295245006.060021,0.0435096779092977,0.0345114434632919,7,11,8,45,1.2,17,22,40,17,0.208420238332772,0.288126537226874,0.248273387779823,364,975,962,2,806
1593,1593,4760.22883383795,19969.9780613136,73438.0271444748,20266.5009336599,118434.734973286,222849595.604863,71257071.1915408,294106666.796404,0.0435138893616626,0.0335618101327475,7,11,8,45,1.5,17,22,40,17,0.212129882430028,0.25645295086912,0.234291416649574,368,978,965,1,807
