"sim_id","HIV_neg_female","HIV_neg_male","HIV_pos_female","HIV_pos_male","hiv_prev_mse_male","hiv_prev_mse_female","hiv_prev_mse","max_perc_diff_male","max_perc_diff_female","b1_contact","b2_contact","hiv2_mort","hiv3_mort","hiv4_mort","tb_hiv1_mort","tb_hiv2_mort","tb_hiv3_mort","tb_hiv4_mort","hiv_prev_mse_male_norm","hiv_prev_mse_female_norm","hiv_prev_mse_male_norm_rank","hiv_prev_mse_female_norm_rank","tb_mort_mse_male_neg_norm","tb_mort_mse_female_neg_norm","tb_mort_mse_male_pos_norm","tb_mort_mse_female_pos_norm","tb_mort_mse_overall_norm","tbmort_rank_total","tbmort_HIV_neg_male","tbmort_HIV_neg_female","tbmort_HIV_pos_male","tbmort_HIV_pos_female"
1343,1700.86615771006,9813.54871056093,36675.1501624448,155212.084859422,126671379.74736,150000332.169796,276671711.917156,0.0336707954703011,0.0491763751245254,7,9,8,45,1.5,17,30,60,17,0.235431954997058,0.348807708789309,2568,3695,0.0178591279695937,0.00585213160168108,0,0,0.00474225191425496,1,44,28,1,1
1344,1690.88574420219,9717.18155011786,39794.7452336529,160734.305034932,127019104.261253,148437658.175663,275456762.436915,0.0336735096204952,0.0488461122210797,7,9,8,45,1.5,17,30,60,20,0.236433355387989,0.34362092289032,2579,3659,0.0174559952352853,0.00552618894029956,0.00417033014330835,0.00301200136523951,0.00675113628768132,3,41,26,2,2
5439,1572.76788212341,9070.4030298239,43335.8674804859,161546.379188371,128085817.255057,150047654.200489,278133471.455546,0.0337618698074613,0.0492259921037085,12,6,8,45,1.5,17,30,60,17,0.239505347054752,0.348964778813149,2612,3696,0.0147503267048515,0.00166866837841905,0.00478360111278273,0.0064309915862397,0.00664817682636084,2,40,10,4,5
5440,1563.70281775071,8982.51922478964,46031.9224691508,166782.317339455,128426012.55968,148507599.663942,276933612.223622,0.0337646041790427,0.0488998807620903,12,6,8,45,1.5,17,30,60,20,0.240485064323544,0.343853070815303,2624,3661,0.0143826823905229,0.00137261940160014,0.00873773369098013,0.0090340606132319,0.00848259864968821,4,39,8,5,6
