"sim_id","HIV_neg_female","HIV_neg_male","HIV_pos_female","HIV_pos_male","hiv_prev_mse_male","hiv_prev_mse_female","b1_contact","b2_contact","hiv2_mort","hiv3_mort","hiv4_mort","tb_hiv1_mort","tb_hiv2_mort","tb_hiv3_mort","tb_hiv4_mort","hiv_prev_mse_male_norm","hiv_prev_mse_female_norm","hiv_prev_mse_male_norm_rank","hiv_prev_mse_female_norm_rank","tb_mort_mse_male_neg_norm","tb_mort_mse_female_neg_norm","tb_mort_mse_male_pos_norm","tb_mort_mse_female_pos_norm","tb_mort_mse_overall_norm","tbmort_rank_total","tbmort_HIV_neg_male","tbmort_HIV_neg_female","tbmort_HIV_pos_male","tbmort_HIV_pos_female"
1097,2489.26968069256,7377.12774264929,120450.583404846,20634.9872960623,159944321.242587,125528982.629399,7,7,12,35,1.2,17,22,40,17,0.398890093057661,0.298766440337973,3164,3335,0.0107130998989779,0.0406556354170557,0,0.0678820125248784,0.0306383508206702,95,80,287,1,309
1857,4963.22692467034,15897.1365012297,140520.509803731,25868.7332830604,159590676.744564,126881095.779502,8,6,12,35,1.2,14,22,40,17,0.397731680835692,0.303488034984107,3161,3361,0.0505424104258634,0.13216087572195,0.00257555449136232,0.0808575312201625,0.06157058294302,229,237,513,3,354
1858,4963.78108500428,15898.0105228942,134847.455307023,25254.0775070809,159971898.107133,125698525.000326,8,6,12,35,1.2,14,22,40,20,0.3989804249506,0.299358484244064,3165,3338,0.0505464962996304,0.132181372670573,0.00227307908495196,0.0771898135007045,0.0603844415697375,224,238,514,2,345
1866,2936.60315809288,8607.27875487734,144930.299682561,27757.6093117304,159087275.43827,126571752.100548,8,6,12,35,1.2,17,22,40,20,0.39608271915517,0.302407803305082,3158,3353,0.0164638060366506,0.0572013366192824,0.00350508052326248,0.0837085287713148,0.0408971113195598,146,116,358,4,364
