"max_incidence","min_incidence","mean_incidence"
2215.80300695523,1435.82894013536,1888.62752609351
