"year","max_prev","min_prev","mean_prev"
2017,3342.32259135941,2210.80318430783,2857.95477531853
