"sim_id","HIV_neg_female","HIV_neg_male","HIV_pos_female","HIV_pos_male","hiv_prev_mse_male","hiv_prev_mse_female","hiv_prev_mse","max_perc_diff_male","max_perc_diff_female","b1_contact","b2_contact","hiv2_mort","hiv3_mort","hiv4_mort","tb_hiv1_mort","tb_hiv2_mort","tb_hiv3_mort","tb_hiv4_mort","hiv_prev_mse_male_norm","hiv_prev_mse_female_norm","hiv_prev_mse_male_norm_rank","hiv_prev_mse_female_norm_rank","tb_mort_mse_male_neg_norm","tb_mort_mse_female_neg_norm","tb_mort_mse_male_pos_norm","tb_mort_mse_female_pos_norm","tb_mort_mse_overall_norm","tbmort_rank_total","tbmort_HIV_neg_male","tbmort_HIV_neg_female","tbmort_HIV_pos_male","tbmort_HIV_pos_female"
4655,2324.24930253542,7917.91564295668,56648.4396449711,29414.9879249537,192163161.628319,94632727.782517,286795889.410836,0.0413561069235006,0.0401558908337116,11,7,8,45,1.2,17,30,60,17,0.238175837036828,0.332267797352394,2562,3982,0.000344144163198828,0.00229405082235589,0.0107380703063624,0.0435865531938396,0.0168250260471716,69,3,14,322,528
4656,2314.55216174707,7863.14656857222,53240.9873530383,30322.4800791637,192558560.58077,93621200.7302419,286179761.311012,0.0413581785273473,0.0398753619480885,11,7,8,45,1.2,17,30,60,20,0.239094839277218,0.325693225500121,2577,3937,0,0.0019491412618858,0.011518027216023,0.0398628042791266,0.015804077700922,43,1,10,342,499
4671,2328.51616316771,7922.78954543092,56834.7771938261,29206.1866659017,193687240.88798,90999779.3468447,284687020.234824,0.0413602479932167,0.0390808421489868,11,7,8,45,1.5,17,30,60,17,0.241718163705822,0.308654903883843,2608,3805,0.000374769568272084,0.00244581525038613,0.0105586131242943,0.0437901875182179,0.0168687571564853,71,4,16,318,530
4672,2318.78414492408,7867.97059992721,53398.4539320659,30091.6123312054,194091646.174488,90012665.0695305,284104311.244019,0.0413623192996915,0.0388008091030973,11,7,8,45,1.5,17,30,60,20,0.242658098832162,0.302239006525478,2620,3763,3.03120374511681e-05,0.00209966516262688,0.0113196046793624,0.0400348876870574,0.0158323431499416,45,2,11,336,502
