"sim_id","HIV_neg_female","HIV_neg_male","HIV_pos_female","HIV_pos_male","hiv_prev_mse_male","hiv_prev_mse_female","hiv_prev_mse","max_perc_diff_male","max_perc_diff_female","b1_contact","b2_contact","hiv2_mort","hiv3_mort","hiv4_mort","tb_hiv1_mort","tb_hiv2_mort","tb_hiv3_mort","tb_hiv4_mort","hiv_prev_mse_male_norm","hiv_prev_mse_female_norm","hiv_prev_mse_male_norm_rank","hiv_prev_mse_female_norm_rank","tb_mort_mse_male_neg_norm","tb_mort_mse_female_neg_norm","tb_mort_mse_male_pos_norm","tb_mort_mse_female_pos_norm","tb_mort_mse_overall_norm","tbmort_rank_total","tbmort_HIV_neg_male","tbmort_HIV_neg_female","tbmort_HIV_pos_male","tbmort_HIV_pos_female"
306,4308.90188831651,13244.338815443,115296.306967528,18683.1966783637,101902104.451462,38865604.4563335,140767708.907796,0.030673974697442,0.0309461540529502,6,8,8,45,1.5,14,22,40,20,0.166103731620844,0.193893673330734,1630,3064,0.0387445045894528,0.0933605211751231,0,0.0622834796023078,0.0451060490336075,284,232,304,1,374
314,2420.91980442738,7244.04904745393,123623.040899558,18784.0532008725,101224122.352051,38947452.6555226,140171575.007573,0.030602838562028,0.030990260255972,6,8,8,45,1.5,17,22,40,20,0.164132112024976,0.194876917120965,1613,3068,0.00911323409940248,0.027559749856648,4.44148215841205e-05,0.0674925085359711,0.0275956737984767,209,102,155,2,382
1069,2979.14058530544,8864.57887089115,112502.329196022,19537.3118087069,108009116.110993,37273360.8554856,145282476.966479,0.0315212139611831,0.0306938382871245,7,7,8,45,1.2,17,30,40,17,0.183863350747341,0.174766024236676,1838,2960,0.0171159072022307,0.047015102882093,0.000376132055546495,0.0605356261016926,0.0310997294640365,225,157,224,4,372
1085,2980.10630590575,8867.33005389766,112626.340407824,19458.0789807603,108594080.115088,35940932.3595339,144535012.474622,0.0315248012454261,0.0299757126180101,7,7,8,45,1.5,17,30,40,17,0.185564467184416,0.158759538357307,1861,2857,0.017129493387396,0.0470487605957547,0.000341239796431092,0.0606132048973701,0.0311219842047705,228,158,225,3,373
