"sim_id","HIV_neg_female","HIV_neg_male","HIV_pos_female","HIV_pos_male","hiv_prev_mse_male","hiv_prev_mse_female","b1_contact","b2_contact","hiv2_mort","hiv3_mort","hiv4_mort","tb_hiv1_mort","tb_hiv2_mort","tb_hiv3_mort","tb_hiv4_mort","hiv_prev_mse_male_norm","hiv_prev_mse_female_norm","hiv_prev_mse_male_norm_rank","hiv_prev_mse_female_norm_rank","tb_mort_mse_male_neg_norm","tb_mort_mse_female_neg_norm","tb_mort_mse_male_pos_norm","tb_mort_mse_female_pos_norm","tb_mort_mse_overall_norm","tbmort_rank_total","tbmort_HIV_neg_male","tbmort_HIV_neg_female","tbmort_HIV_pos_male","tbmort_HIV_pos_female"
4903,5447.00653822552,16703.2408235232,59050.323969611,139649.411277101,234668762.116462,34033263.3321241,11,9,8,45,1.2,14,30,60,17,0.303761556409394,0.0590596676307165,2951,1522,0.000673600529492837,0.0774250756435539,0.0900755253717838,0.0241175236745324,0.0498776499485042,380,3,1000,1184,423
4904,5439.7425910751,16600.5257493594,56895.9110167748,145337.059488368,235414336.262201,33680226.2368674,11,9,8,45,1.2,14,30,60,20,0.305478183850847,0.0539203240083308,2960,1384,0,0.0770773223719932,0.0957305602762471,0.0219939771060297,0.0507328256890817,407,1,996,1209,384
4919,5449.13998588865,16714.80976185,59103.8704213233,138793.318399782,236098640.036368,33368920.2016972,11,9,8,45,1.5,14,30,60,17,0.307053740948335,0.0493884810151783,2967,1248,0.000749469072119616,0.0775272120425658,0.089224341380989,0.0241703029634981,0.0496737295262832,374,4,1002,1177,426
4920,5441.85575044838,16611.9662354404,56916.3680191535,144448.507009548,236854702.913179,33034618.4463074,11,9,8,45,1.5,14,30,60,20,0.308794517890794,0.0445218774270599,2975,1110,7.50261589602574e-05,0.0771784874920265,0.094847102809201,0.0220141410198912,0.050509075878925,403,2,997,1208,385
