"X","sim_id","HIV_neg_female","HIV_neg_male","HIV_pos_female","HIV_pos_male","tb_mort_mse_total","hiv_prev_mse_male","hiv_prev_mse_female","hiv_prev_mse","max_perc_diff_male","max_perc_diff_female","b1_contact","b2_contact","hiv2_mort","hiv3_mort","hiv4_mort","tb_hiv1_mort","tb_hiv2_mort","tb_hiv3_mort","tb_hiv4_mort","tbmort_rank_total","tbmort_HIV_neg_male","tbmort_HIV_neg_female","tbmort_HIV_pos_male","tbmort_HIV_pos_female"
4623,4623,3092.36025186514,9789.10143055384,19838.4704670548,37300.8523111613,70020.784460635,212726744.08173,17114355.9378895,229841100.019619,0.0389003763151526,0.0197794019576946,11,7,8,35,1.2,17,30,60,17,114,3,4,473,27
4624,4624,3082.03496602667,9739.82347255928,21782.3180373752,39074.736006005,73678.9124819661,213197978.99905,16882820.7829874,230080799.782038,0.0389092186453684,0.0197794019576946,11,7,8,35,1.2,17,30,60,20,171,1,1,495,93
4640,4640,3087.37688947798,9750.2043212043,21653.8791368477,38856.8601180903,73348.3204656203,214937588.141502,16119430.8573245,231057018.998826,0.0389458218179754,0.0197794019576946,11,7,8,35,1.5,17,30,60,20,162,2,2,492,90
5392,5392,3090.68840255202,9969.88753952411,23411.3433669519,27880.507822006,64352.427131034,209689799.965,17590911.3838489,227280711.348849,0.0386394389314542,0.0198239266085735,12,6,8,35,1.2,17,30,60,20,44,9,3,362,150
