"sim_id","HIV_neg_female","HIV_neg_male","HIV_pos_female","HIV_pos_male","hiv_prev_mse_male","hiv_prev_mse_female","hiv_prev_mse","max_perc_diff_male","max_perc_diff_female","b1_contact","b2_contact","hiv2_mort","hiv3_mort","hiv4_mort","tb_hiv1_mort","tb_hiv2_mort","tb_hiv3_mort","tb_hiv4_mort","hiv_prev_mse_male_norm","hiv_prev_mse_female_norm","hiv_prev_mse_male_norm_rank","hiv_prev_mse_female_norm_rank","tb_mort_mse_male_neg_norm","tb_mort_mse_female_neg_norm","tb_mort_mse_male_pos_norm","tb_mort_mse_female_pos_norm","tb_mort_mse_overall_norm","tbmort_rank_total","tbmort_HIV_neg_male","tbmort_HIV_neg_female","tbmort_HIV_pos_male","tbmort_HIV_pos_female"
805,2768.34703120425,10871.6097963996,16829.9698215762,66329.8722699037,196663362.344938,87721702.655743,284385065.000681,0.0414135411529576,0.0387379370967911,6,12,8,45,1.2,14,30,40,17,0.248635385589347,0.287348552566364,2695,3658,0.0189038261407775,0.0180897947167892,0.0424650874277685,7.19355008965913e-05,0.0201598310501129,148,347,287,688,2
813,4613.86417789424,22231.1892391682,16911.3238108011,58554.2614122217,195136181.489569,88044939.2364307,283181120.726,0.04130589572308,0.0388313952369713,6,12,8,45,1.2,17,30,40,17,0.245085850066138,0.289449477223034,2653,3672,0.0902823003172861,0.0837314639261327,0.0357822291935175,0.000160841170919013,0.0455856739580147,520,792,762,645,4
821,2773.90588567143,10875.2593976909,16764.1445489771,65790.2370002629,198252560.216663,84265944.2591633,282518504.475826,0.0414175417952504,0.0376732391759651,6,12,8,45,1.5,14,30,40,17,0.252329063570751,0.264887332343626,2738,3513,0.0189267585893634,0.0182875130022964,0.0420012902970712,0,0.0200432414074533,144,349,290,686,1
829,4624.10214932512,22238.5521722703,16863.2439205924,58044.6482742135,196713441.804298,84576710.8985284,281290152.702827,0.0413098843629204,0.0377663165165621,6,12,8,45,1.5,17,30,40,17,0.248751782294661,0.2669072067456,2699,3532,0.0903285656682998,0.0840956098433061,0.0353442350065714,0.00010829826682375,0.0455205950843397,518,793,763,637,3
