"TB_compartment(s)","t=0","t=100","difference"
"4",46594,39464.7504874034,-7129.24951259664
"4 and 7",46594,49319.8380772171,2725.83807721709
"7",0,9855.08758981373,9855.08758981373
