"max_incidence","min_incidence","mean_incidence"
2215.80300695523,1919.94169437358,2035.09410106511
