"calibration_group","max_incidence","min_incidence","mean_incidence"
"HIV_neg_female",298.87171532707,256.20832508712,272.821442058426
"HIV_neg_male",361.97031016356,310.42393025884,330.339482519526
"HIV_pos_female",1053.4352383659,917.8532177175,970.72443178
"HIV_pos_male",501.9241831365,435.45622131012,461.208744707161
