"year","max_prev","min_prev","mean_prev"
2017,3342.32259135941,2898.03492686265,3066.05589739027
