"X","sim_id","HIV_neg_female","HIV_neg_male","HIV_pos_female","HIV_pos_male","tb_mort_mse_total","hiv_prev_mse_male","hiv_prev_mse_female","hiv_prev_mse","max_perc_diff_male","max_perc_diff_female","b1_contact","b2_contact","hiv2_mort","hiv3_mort","hiv4_mort","tb_hiv1_mort","tb_hiv2_mort","tb_hiv3_mort","tb_hiv4_mort","tbmort_rank_total","tbmort_HIV_neg_male","tbmort_HIV_neg_female","tbmort_HIV_pos_male","tbmort_HIV_pos_female"
1417,1417,4210.89347605855,15148.5599960299,42980.5650870756,13975.9444179489,76315.962977113,187769227.051237,21543263.99302,209312491.044257,0.036791385235062,0.0190119292898091,7,10,8,35,1.2,17,22,40,17,206,471,486,4,424
1433,1433,4219.09435021204,15165.0697191161,42949.2931142343,13859.7172085104,76193.1743920728,189373013.587484,20467741.9952351,209840755.582719,0.0368171503029343,0.0190119292898091,7,10,8,35,1.5,17,22,40,17,204,472,496,3,422
2177,2177,4049.3863146307,13731.2401269149,54220.3203669511,13858.5199663507,85859.4667748474,187196798.216651,22215557.5039968,209412355.720648,0.0367342062267342,0.0192176274712096,8,9,8,35,1.2,14,22,40,17,289,383,422,2,507
2193,2193,4052.98995882806,13737.6951099492,54211.1128708144,13774.9685491512,85776.7664887429,188794906.952157,21116049.9061774,209910956.858334,0.0367600099643358,0.0192176274712096,8,9,8,35,1.5,14,22,40,17,287,384,424,1,506
