"sim_id","HIV_neg_female","HIV_neg_male","HIV_pos_female","HIV_pos_male","tb_mort_mse_total","hiv_prev_mse_male","hiv_prev_mse_female","hiv_prev_mse","b1_calib_id.x","b2_calib_id.x","mh2_calib_id.x","mh3_calib_id.x","mh4_calib_id.x","mtb_calib_id.x","mtbh2_calib_id.x","mtbh3_calib_id.x","mtbh4_calib_id.x","norm_hiv_prev_mse","norm_tb_mort_mse","norm_hiv_prev_tb_mort_mse","tbmort_rank_total","tbmort_HIV_neg_male","tbmort_HIV_neg_female","tbmort_HIV_pos_male","tbmort_HIV_pos_female","hivprev_rank_total","hivprev_male","hivprev_female","hiv_tb_rank","b1_calib_id.y","b2_calib_id.y","mh2_calib_id.y","mh3_calib_id.y","mh4_calib_id.y","mtb_calib_id.y","mtbh2_calib_id.y","mtbh3_calib_id.y","mtbh4_calib_id.y"
2790,6387.04870283016,22682.2948544513,54918.5257935499,48729.6796603256,132717.549011157,25082705.4995975,1269051947.01202,1294134652.51161,9.2,6.8,10,50,1.5,15,30,50,15,0.199779086627343,0.000133549767571906,0.199912636394915,3,1832,2112,654,335,1655,1478,1661,489,9.2,6.8,10,50,1.5,15,30,50,15
3468,5025.58239175661,17568.3725072004,57979.5103777609,51482.2285685752,132055.693845293,25435053.7603853,1299491898.06374,1324926951.82413,10,6.8,10,50,1.5,15,22,50,15,0.232062602215727,0,0.232062602215727,1,1056,1486,762,428,2161,1728,2171,1090,10,6.8,10,50,1.5,15,22,50,15
3492,5023.22474277195,17562.2176000723,57984.1176640855,51573.7163843186,132143.276391248,26157816.204303,1307750349.10298,1333908165.30728,10,6.8,10,50,1.2,15,22,50,15,0.241478759890195,1.7672489781664e-05,0.241496432379976,2,1052,1485,765,429,2255,2107,2258,1292,10,6.8,10,50,1.2,15,22,50,15
