"max_incidence","min_incidence","mean_incidence"
2272.97520828329,1657.09269477093,2031.90404249211
