"X","sim_id","HIV_neg_female","HIV_neg_male","HIV_pos_female","HIV_pos_male","tb_mort_mse_total","hiv_prev_mse_male","hiv_prev_mse_female","hiv_prev_mse","max_perc_diff_male","max_perc_diff_female","b1_contact","b2_contact","hiv2_mort","hiv3_mort","hiv4_mort","tb_hiv1_mort","tb_hiv2_mort","tb_hiv3_mort","tb_hiv4_mort","tbmort_rank_total","tbmort_HIV_neg_male","tbmort_HIV_neg_female","tbmort_HIV_pos_male","tbmort_HIV_pos_female"
543,543,3535.46865666757,11692.4009416035,18272.800293253,29457.0245624951,62957.6944540192,211763400.187284,15978737.0081337,227742137.195417,0.0387082411887229,0.0192621110244765,6,10,8,35,1.5,17,30,60,17,27,168,165,377,4
1419,1419,3896.04875058623,13445.4601945687,18021.012282784,34329.3953162891,69691.9165442281,202050189.216229,17436007.9297441,219486197.145973,0.0380194523496633,0.0188561887692615,7,10,8,35,1.2,17,22,60,17,108,361,376,440,2
1435,1435,3903.55824699405,13460.504488345,17891.0393453584,34086.5845476311,69341.6866283285,203728483.687068,16573653.096283,220302136.783351,0.0380445875166226,0.0188561887692615,7,10,8,35,1.5,17,22,60,17,100,364,379,437,1
2195,2195,4113.10167872118,14053.6210697692,18231.9686155545,26940.6576268623,63339.3489909072,202674060.763578,17287002.304114,219961063.067692,0.0380015224896163,0.0190416837779461,8,9,8,35,1.5,14,22,60,17,31,402,450,345,3
