"sim_id","HIV_neg_female","HIV_neg_male","HIV_pos_female","HIV_pos_male","hiv_prev_mse_male","hiv_prev_mse_female","b1_contact","b2_contact","hiv2_mort","hiv3_mort","hiv4_mort","tb_hiv1_mort","tb_hiv2_mort","tb_hiv3_mort","tb_hiv4_mort","hiv_prev_mse_male_norm","hiv_prev_mse_female_norm","hiv_prev_mse_male_norm_rank","hiv_prev_mse_female_norm_rank","tb_mort_mse_male_neg_norm","tb_mort_mse_female_neg_norm","tb_mort_mse_male_pos_norm","tb_mort_mse_female_pos_norm","tb_mort_mse_overall_norm","tbmort_rank_total","tbmort_HIV_neg_male","tbmort_HIV_neg_female","tbmort_HIV_pos_male","tbmort_HIV_pos_female"
2598,4386.38284909683,25727.1232937447,44987.4722478479,199662.711830153,264861410.635305,36955954.0585747,8,12,8,45,1.2,14,30,40,20,0.294762823816057,0.0415961610740849,2892,1007,0.0491561489019352,0.00921674869903046,0.1292916499476,8.24979432712799e-05,0.0469367613729591,365,796,96,1498,4
2614,4390.18972494502,25744.0051798188,44930.6708352269,198649.057660692,266362745.957452,36260996.9379698,8,12,8,45,1.5,14,30,40,20,0.297816097677455,0.0321222218768211,2911,798,0.0492608137477476,0.00936854457489693,0.128411686639279,3.2778711824476e-05,0.046768455918437,364,798,100,1495,2
4426,9400.72893151059,111581.781430332,44931.5912686998,163946.895461112,398016686.896071,35388272.0298768,10,12,12,35,1.2,17,22,40,20,0.565561437901057,0.0202248796235097,3892,473,0.58144054631354,0.209159453906734,0.0982863930480131,3.3584382718189e-05,0.222229994412751,1535,1975,1285,1364,3
4442,9409.99764421453,111614.42191419,44893.2230090771,162982.881795668,399992795.726878,35078926.2364699,10,12,12,35,1.5,17,22,40,20,0.569580261245434,0.01600775147161,3929,324,0.581642911807252,0.209529035794653,0.0974495231570113,0,0.222155367689729,1533,1976,1286,1358,1
