"sim_id","HIV_neg_female","HIV_neg_male","HIV_pos_female","HIV_pos_male","hiv_prev_mse_male","hiv_prev_mse_female","hiv_prev_mse","max_perc_diff_male","max_perc_diff_female","b1_contact","b2_contact","hiv2_mort","hiv3_mort","hiv4_mort","tb_hiv1_mort","tb_hiv2_mort","tb_hiv3_mort","tb_hiv4_mort","hiv_prev_mse_male_norm","hiv_prev_mse_female_norm","hiv_prev_mse_male_norm_rank","hiv_prev_mse_female_norm_rank","tb_mort_mse_male_neg_norm","tb_mort_mse_female_neg_norm","tb_mort_mse_male_pos_norm","tb_mort_mse_female_pos_norm","tb_mort_mse_overall_norm","tbmort_rank_total","tbmort_HIV_neg_male","tbmort_HIV_neg_female","tbmort_HIV_pos_male","tbmort_HIV_pos_female"
4013,2036.0425155254,11562.6767569681,27321.4629887551,49132.7293312848,120054642.087059,184572271.517546,304626913.604605,0.0325352885645564,0.053231310231443,10,9,8,45,1.2,17,30,40,17,0.22305032630843,0.398018775456648,2542,3795,0.0330348365137635,0.0195562452462462,0.0309969487616518,0.0276604686871279,0.0281154415866358,4,220,105,86,258
4029,2038.9682385531,11569.4098234339,27340.1853317386,48778.4278452209,120738253.926168,181009978.906958,301748232.833126,0.0325388756729139,0.0524753793735708,10,9,8,45,1.5,17,30,40,17,0.225120953729445,0.38698763506569,2574,3700,0.0330932058030827,0.0198048018584398,0.0306287260903616,0.0276934561928617,0.0280762562172715,2,221,106,83,259
4030,2031.88059340214,11493.0883711671,26033.4851862074,51879.0747913771,121032022.62491,179520989.953836,300553012.578746,0.0325417886284814,0.0521863582827571,10,9,8,45,1.5,17,30,40,20,0.226010765005745,0.382376771226582,2585,3668,0.0324315713232742,0.0192026665741113,0.0338512034045987,0.0253911386580819,0.0280995501982812,3,209,102,92,243
4796,2096.58835711107,9336.13892055979,29821.4658392914,47968.1670837886,117230643.161211,184639197.215826,301869840.377038,0.0323105695636451,0.0528639371302766,11,8,8,45,1.5,17,22,60,20,0.214496569222543,0.398226020299842,2415,3796,0.0137328688570628,0.0246999547240172,0.0297866286288726,0.0320653051138117,0.0262421448390213,1,82,121,82,278
