"sim_id","HIV_neg_female","HIV_neg_male","HIV_pos_female","HIV_pos_male","hiv_prev_mse_male","hiv_prev_mse_female","b1_contact","b2_contact","hiv2_mort","hiv3_mort","hiv4_mort","tb_hiv1_mort","tb_hiv2_mort","tb_hiv3_mort","tb_hiv4_mort","hiv_prev_mse_male_norm","hiv_prev_mse_female_norm","hiv_prev_mse_male_norm_rank","hiv_prev_mse_female_norm_rank","tb_mort_mse_male_neg_norm","tb_mort_mse_female_neg_norm","tb_mort_mse_male_pos_norm","tb_mort_mse_female_pos_norm","tb_mort_mse_overall_norm","tbmort_rank_total","tbmort_HIV_neg_male","tbmort_HIV_neg_female","tbmort_HIV_pos_male","tbmort_HIV_pos_female"
5543,1396.91895926952,7235.27667172095,108533.043266574,281375.770040079,116227669.956384,136620461.544506,12,7,8,45,1.2,14,30,60,17,0.255690061849305,0.337498012070174,2804,3549,0.0100460393800724,0.000252800610136649,0.108403368844899,0.0743813726773512,0.0568951904547169,36,21,3,46,50
5544,1390.09433933055,7163.11647593724,115682.404531173,289474.778054198,116615473.057267,134954379.508024,12,7,8,45,1.2,14,30,60,20,0.256960365372454,0.331680034467577,2815,3514,0.00970794054979116,0,0.11537060867371,0.0821425994777566,0.0611955505553981,40,19,1,50,55
5559,1399.64272808413,7244.71859808549,108243.812268771,280393.678805145,116999643.451118,133595563.072794,12,7,8,45,1.5,14,30,60,17,0.258218769453514,0.32693503187281,2823,3488,0.0100902785097585,0.000353695667204103,0.107558516591928,0.0740673883522377,0.0565765663186422,34,22,4,45,49
5560,1392.79575674128,7172.45882701132,115360.416759129,288468.619726029,117397117.203708,131949637.076614,12,7,8,45,1.5,14,30,60,20,0.259520750554552,0.3211874393944,2836,3457,0.00975171313017178,0.000100067106413829,0.114505052501166,0.0817930549473713,0.0608597882818782,39,20,2,49,54
