"sim_id","HIV_neg_female","HIV_neg_male","HIV_pos_female","HIV_pos_male","hiv_prev_mse_male","hiv_prev_mse_female","hiv_prev_mse","max_perc_diff_male","max_perc_diff_female","b1_contact","b2_contact","hiv2_mort","hiv3_mort","hiv4_mort","tb_hiv1_mort","tb_hiv2_mort","tb_hiv3_mort","tb_hiv4_mort","hiv_prev_mse_male_norm","hiv_prev_mse_female_norm","hiv_prev_mse_male_norm_rank","hiv_prev_mse_female_norm_rank","tb_mort_mse_male_neg_norm","tb_mort_mse_female_neg_norm","tb_mort_mse_male_pos_norm","tb_mort_mse_female_pos_norm","tb_mort_mse_overall_norm","tbmort_rank_total","tbmort_HIV_neg_male","tbmort_HIV_neg_female","tbmort_HIV_pos_male","tbmort_HIV_pos_female"
1343,4429.63120371885,13203.6569237845,77774.6087237839,19775.6655851519,119495362.760849,182228829.9624,301724192.723249,0.0325739676551261,0.0528144676268229,7,9,8,45,1.5,17,30,60,17,0.221356296096247,0.390761978888059,2514,3730,0.0472605755006531,0.222905054989444,0.000486389650173562,0.116555508997491,0.0891456956923188,328,277,521,3,476
2103,7936.06311618843,26603.8496641641,97181.073566208,19307.6645920061,118845423.941287,185036375.208307,303881799.149594,0.0324887843201347,0.0531550236357011,8,8,8,45,1.5,14,30,60,17,0.219387662633842,0.39945593784851,2485,3804,0.16342751532935,0.520796150215336,0,0.150748391310699,0.182069250502147,478,468,632,1,507
2104,7937.32548674907,26609.5758918412,93586.3686879883,19806.2710345765,119034002.554012,183969704.680507,303003707.234519,0.0324906218338527,0.0529464642758454,8,8,8,45,1.5,14,30,60,20,0.219958858192762,0.396152842446385,2495,3780,0.163477156282948,0.520903395688306,0.000518197646432237,0.144414763736089,0.180355998809007,477,469,634,4,504
2112,5101.81591041315,15541.774816086,102609.579743608,19719.7825516348,118043993.211651,184657360.029883,302701353.241534,0.0323938363922526,0.0530408775645189,8,8,8,45,1.5,17,30,60,20,0.216960167453256,0.398282264009627,2450,3797,0.0675298362321739,0.280010923139678,0.000428310865040498,0.160313053106009,0.117730561065685,381,322,565,2,517
