"sim_id","HIV_neg_female","HIV_neg_male","HIV_pos_female","HIV_pos_male","hiv_prev_mse_male","hiv_prev_mse_female","b1_contact","b2_contact","hiv2_mort","hiv3_mort","hiv4_mort","tb_hiv1_mort","tb_hiv2_mort","tb_hiv3_mort","tb_hiv4_mort","hiv_prev_mse_male_norm","hiv_prev_mse_female_norm","hiv_prev_mse_male_norm_rank","hiv_prev_mse_female_norm_rank","tb_mort_mse_male_neg_norm","tb_mort_mse_female_neg_norm","tb_mort_mse_male_pos_norm","tb_mort_mse_female_pos_norm","tb_mort_mse_overall_norm","tbmort_rank_total","tbmort_HIV_neg_male","tbmort_HIV_neg_female","tbmort_HIV_pos_male","tbmort_HIV_pos_female"
4904,6252.37419472744,17798.4964547667,64548.6497547628,165388.256443427,270881870.272034,37690105.9041318,11,9,8,45,1.2,14,30,60,20,0.307006665529005,0.0516044187638753,2961,1296,0,0.0836215367626324,0.0995376529122695,0.0172047254894056,0.0500909787910769,413,1,816,1378,191
4920,6254.50896451976,17810.1691709716,64578.9026581625,164471.695960978,272392123.592568,37050669.9680073,11,9,8,45,1.5,14,30,60,20,0.310078075972532,0.0428873670210036,2976,1035,7.23688713707219e-05,0.0837066588583665,0.0987419776033611,0.0172312063643814,0.0499380529243699,411,2,817,1370,192
4932,5992.78114040256,17813.4509590064,75458.9096677322,95607.8497599175,411917993.09025,38913503.7934541,11,9,12,35,1.2,14,22,60,20,0.593832600389451,0.0682822782660744,4167,1737,9.27154035735026e-05,0.0732704886535113,0.0389605849425955,0.0267546594211074,0.0347696121051969,92,3,760,848,355
4948,5995.08182341256,17824.8795985668,75594.84074511,94989.7596666724,413941981.053862,38693782.0671188,11,9,12,35,1.5,14,22,60,20,0.597948795788253,0.0652869419871869,4205,1678,0.000163571040922424,0.0733622263950401,0.0384240147595109,0.0268736421784916,0.0347058635934913,91,4,761,842,358
