"","max_incidence","min_incidence","mean_incidence"
"1",2392.31447559185,2138.23385911828,2237.0531529388
