"sim_id","HIV_neg_female","HIV_neg_male","HIV_pos_female","HIV_pos_male","hiv_prev_mse_male","hiv_prev_mse_female","hiv_prev_mse","max_perc_diff_male","max_perc_diff_female","b1_contact","b2_contact","hiv2_mort","hiv3_mort","hiv4_mort","tb_hiv1_mort","tb_hiv2_mort","tb_hiv3_mort","tb_hiv4_mort","hiv_prev_mse_male_norm","hiv_prev_mse_female_norm","hiv_prev_mse_male_norm_rank","hiv_prev_mse_female_norm_rank","tb_mort_mse_male_neg_norm","tb_mort_mse_female_neg_norm","tb_mort_mse_male_pos_norm","tb_mort_mse_female_pos_norm","tb_mort_mse_overall_norm","tbmort_rank_total","tbmort_HIV_neg_male","tbmort_HIV_neg_female","tbmort_HIV_pos_male","tbmort_HIV_pos_female"
6185,8529.1292316307,32197.9482884486,425724.231226418,129006.958737452,95577055.5593324,217727805.677123,313304861.236455,0.0300467101827903,0.0576974233760912,12,12,8,45,1.2,17,22,40,17,0.209450964350314,0.471087676150745,2335,4148,7.84645733924799e-05,0.000112726825254345,0.212821280281526,0.289575643425281,0.150757315391772,69,2,2,249,303
6186,8531.18558770197,32213.5344431377,418940.925716919,126654.57020886,95673461.7960291,216865516.73294,312538978.528969,0.0300482170933169,0.0575468016078643,12,12,8,45,1.2,17,22,40,20,0.209817150066296,0.468319742201068,2343,4080,0.000282655262882955,0.000251845455867671,0.204837108146928,0.277344793845538,0.14476147074149,63,4,4,234,275
6201,8527.46298110419,32191.9589802115,425910.881843667,129173.362967328,96008186.1179986,213693279.932799,309701466.050797,0.0300502355662583,0.0569158249172103,12,12,8,45,1.5,17,22,40,17,0.211088553968129,0.458136911962134,2369,3818,0,0,0.213386067942708,0.289912189615093,0.15098947726734,70,1,1,250,304
6202,8529.51718926833,32207.5356362598,419124.261249751,126816.269845196,96109262.6901905,212840477.419642,308949740.109833,0.0300517423049702,0.0567653829613611,12,12,8,45,1.5,17,22,40,20,0.211472479305589,0.45539942930686,2379,3756,0.00020406624994404,0.000138973318279929,0.205385928086711,0.277675362669476,0.144986995140501,64,3,3,236,277
