"sim_id","HIV_neg_female","HIV_neg_male","HIV_pos_female","HIV_pos_male","hiv_prev_mse_male","hiv_prev_mse_female","b1_contact","b2_contact","hiv2_mort","hiv3_mort","hiv4_mort","tb_hiv1_mort","tb_hiv2_mort","tb_hiv3_mort","tb_hiv4_mort","hiv_prev_mse_male_norm","hiv_prev_mse_female_norm","hiv_prev_mse_male_norm_rank","hiv_prev_mse_female_norm_rank","tb_mort_mse_male_neg_norm","tb_mort_mse_female_neg_norm","tb_mort_mse_male_pos_norm","tb_mort_mse_female_pos_norm","tb_mort_mse_overall_norm","tbmort_rank_total","tbmort_HIV_neg_male","tbmort_HIV_neg_female","tbmort_HIV_pos_male","tbmort_HIV_pos_female"
575,1764.22840389862,12658.5318181355,47165.7504390442,176324.128175632,111153862.201123,138764819.800574,6,10,8,45,1.5,17,30,60,17,0.239070091940312,0.344986135723485,2650,3596,0.0354561176289629,0.0138588405862173,0.0180318095126873,0.00776206780046316,0.0176011548369812,6,51,52,5,3
1336,2036.35151791393,6144.37854994527,40015.614475626,155363.206298304,110681742.783835,140005791.637866,7,9,8,45,1.5,14,30,60,20,0.237523598480711,0.349319623629074,2633,3625,0.00493475365083384,0.0239389461262384,0,0,0.00577473995541445,1,7,72,1,1
3008,1571.08316392146,10405.9943248629,44231.679069793,163175.343494158,110634504.449143,139378261.48171,9,8,8,45,1.5,17,30,60,20,0.237368862680893,0.347128281118006,2631,3610,0.0249020956592502,0.00670426861768954,0.00672045679226523,0.00457688908273739,0.00971047661788873,3,39,27,2,2
5432,1783.26061276685,5091.15754562424,47509.9551493227,164402.487998632,111374365.970658,140195625.100862,12,6,8,45,1.5,14,30,60,20,0.239792383006759,0.349982524261665,2659,3628,0,0.0145638401403555,0.00777611818343423,0.00813573066674844,0.0076863226831259,2,1,55,3,4
