"sim_id","HIV_neg_female","HIV_neg_male","HIV_pos_female","HIV_pos_male","hiv_prev_mse_male","hiv_prev_mse_female","hiv_prev_mse","max_perc_diff_male","max_perc_diff_female","b1_contact","b2_contact","hiv2_mort","hiv3_mort","hiv4_mort","tb_hiv1_mort","tb_hiv2_mort","tb_hiv3_mort","tb_hiv4_mort","hiv_prev_mse_male_norm","hiv_prev_mse_female_norm","hiv_prev_mse_male_norm_rank","hiv_prev_mse_female_norm_rank","tb_mort_mse_male_neg_norm","tb_mort_mse_female_neg_norm","tb_mort_mse_male_pos_norm","tb_mort_mse_female_pos_norm","tb_mort_mse_overall_norm","tbmort_rank_total","tbmort_HIV_neg_male","tbmort_HIV_neg_female","tbmort_HIV_pos_male","tbmort_HIV_pos_female"
1365,1974.75506036728,6364.70887673808,13276.1474096217,70986.9713622453,209799827.393513,106561890.34983,316361717.743342,0.0399793914738363,0.0431638590757918,7,9,12,35,1.5,14,30,40,17,0.47483083728612,0.204627989697722,3781,2553,0.00598024732379184,0.0216250785681643,0.0272166308119926,0.000453597579602961,0.0138221336958699,282,263,772,883,4
1481,2874.43609407107,25202.5938904573,12638.3783725242,83724.2584225034,195161992.701757,118978148.042074,314140140.743831,0.0389487646452121,0.04525025895801,7,10,12,35,1.2,17,22,40,17,0.432675818594385,0.245839701518694,3341,2989,0.0940435337758824,0.0549019387027609,0.0334690473078698,4.20364824720761e-05,0.0398424196328312,1099,1600,1255,957,2
1497,2885.94288161667,25261.6343603327,12573.2372133231,83442.3879871982,196569296.937512,115598090.620568,312167387.558079,0.0389520611686481,0.0444092654531142,7,10,12,35,1.5,17,22,40,17,0.436728667776828,0.234620704954177,3371,2885,0.094319535981391,0.0553275448291645,0.0333306841422235,0,0.0399286214047782,1100,1601,1261,953,1
2257,1592.16613923714,7956.91527413782,13233.5227660534,69588.5097030249,196259262.83788,117071680.851759,313330943.689639,0.0389365107892408,0.0446682454017173,8,9,12,35,1.5,14,22,40,17,0.435835810770291,0.239511806399983,3365,2933,0.0134234888534513,0.00747411001314017,0.026530160867051,0.000426091313146973,0.0122663954273777,195,616,309,874,3
