"sim_id","HIV_neg_female","HIV_neg_male","HIV_pos_female","HIV_pos_male","hiv_prev_mse_male","hiv_prev_mse_female","b1_contact","b2_contact","hiv2_mort","hiv3_mort","hiv4_mort","tb_hiv1_mort","tb_hiv2_mort","tb_hiv3_mort","tb_hiv4_mort","hiv_prev_mse_male_norm","hiv_prev_mse_female_norm","hiv_prev_mse_male_norm_rank","hiv_prev_mse_female_norm_rank","tb_mort_mse_male_neg_norm","tb_mort_mse_female_neg_norm","tb_mort_mse_male_pos_norm","tb_mort_mse_female_pos_norm","tb_mort_mse_overall_norm","tbmort_rank_total","tbmort_HIV_neg_male","tbmort_HIV_neg_female","tbmort_HIV_pos_male","tbmort_HIV_pos_female"
2598,3968.36785130192,24857.3928252116,39922.8528178641,176983.7935821,230466330.444324,33070192.0027155,8,12,8,45,1.2,14,30,40,20,0.294085778929125,0.0450397400899587,2896,1127,0.0564381166864176,0.00661388533139239,0.130801086450465,6.06326128045025e-05,0.0484784302702698,386,818,70,1431,3
2614,3972.08078663544,24873.7922280308,39862.3421295343,176004.813104578,231898221.65183,32371854.5042274,8,12,8,45,1.5,14,30,40,20,0.297382598908767,0.0348736798732043,2914,895,0.0565502114314821,0.00679102106761155,0.129828212539693,0,0.0482923612596966,383,821,72,1427,1
4426,8762.51065447427,103172.940220804,39961.8232522484,145449.655172706,347890111.362452,31140464.8065894,10,12,12,35,1.2,17,22,40,20,0.564445052724971,0.0169477030445483,3904,388,0.591747933553845,0.235331581358569,0.0994636478992467,9.96815696758357e-05,0.231660711095334,1503,1911,1327,1304,4
4442,8771.46772133819,103204.459645336,39918.161999736,144517.149469485,349778982.677401,30814409.3892041,10,12,12,35,1.5,17,22,40,20,0.568794034447503,0.012201145664609,3944,215,0.591963378097551,0.235758902733919,0.0985369588680143,5.59323430315633e-05,0.231578793010629,1502,1912,1329,1299,2
