"sim_id","HIV_neg_female","HIV_neg_male","HIV_pos_female","HIV_pos_male","hiv_prev_mse_male","hiv_prev_mse_female","hiv_prev_mse","max_perc_diff_male","max_perc_diff_female","b1_contact","b2_contact","hiv2_mort","hiv3_mort","hiv4_mort","tb_hiv1_mort","tb_hiv2_mort","tb_hiv3_mort","tb_hiv4_mort","hiv_prev_mse_male_norm","hiv_prev_mse_female_norm","hiv_prev_mse_male_norm_rank","hiv_prev_mse_female_norm_rank","tb_mort_mse_male_neg_norm","tb_mort_mse_female_neg_norm","tb_mort_mse_male_pos_norm","tb_mort_mse_female_pos_norm","tb_mort_mse_overall_norm","tbmort_rank_total","tbmort_HIV_neg_male","tbmort_HIV_neg_female","tbmort_HIV_pos_male","tbmort_HIV_pos_female"
3631,1782.72857542345,5476.4741903577,23378.3663015136,56352.0144566281,119753735.574782,165416412.047784,285170147.622566,0.0330317576237668,0.0515772930724601,10,6,8,45,1.2,17,30,60,17,0.215510059065138,0.399976350507949,2314,4087,0.0018279305660225,0.0145225186138795,0.0122497996408425,0.00556061402347204,0.00861321393527476,2,13,205,21,82
3632,1778.23616559342,5432.4871836868,22623.8679717166,58936.547105049,120014863.994265,164009268.850185,284024132.84445,0.0330340271045147,0.0512923049113776,10,6,8,45,1.2,17,30,60,20,0.216262074211917,0.395305798286202,2326,4051,0.00162230024362652,0.0143563560651751,0.0135285581202513,0.00507303356016755,0.00877620876588598,4,10,199,23,76
3647,1784.40807446397,5482.5292764232,23388.7798321721,56004.7395362134,120448463.299684,162002641.393042,282451104.692726,0.0330351595762158,0.0508250098790509,10,6,8,45,1.5,17,30,60,17,0.217510782590552,0.388645453877638,2340,3991,0.00185623686358668,0.014584638912712,0.0120779771841064,0.00556734357329685,0.00858177138248071,1,15,208,20,83
3648,1779.89719791284,5438.46601254013,22614.2793203323,58572.7964109647,120717424.896851,160611726.834129,281329151.73098,0.033037428870234,0.0505401786846007,10,6,8,45,1.5,17,30,60,20,0.218285356248111,0.384028767321162,2352,3955,0.00165025005421169,0.0144177933280513,0.0133485838859404,0.00506683707317774,0.00873823496418804,3,11,201,22,75
