"sim_id","HIV_neg_female","HIV_neg_male","HIV_pos_female","HIV_pos_male","hiv_prev_mse_male","hiv_prev_mse_female","hiv_prev_mse","max_perc_diff_male","max_perc_diff_female","b1_contact","b2_contact","hiv2_mort","hiv3_mort","hiv4_mort","tb_hiv1_mort","tb_hiv2_mort","tb_hiv3_mort","tb_hiv4_mort","hiv_prev_mse_male_norm","hiv_prev_mse_female_norm","hiv_prev_mse_male_norm_rank","hiv_prev_mse_female_norm_rank","tb_mort_mse_male_neg_norm","tb_mort_mse_female_neg_norm","tb_mort_mse_male_pos_norm","tb_mort_mse_female_pos_norm","tb_mort_mse_overall_norm","tbmort_rank_total","tbmort_HIV_neg_male","tbmort_HIV_neg_female","tbmort_HIV_pos_male","tbmort_HIV_pos_female"
5409,1800.0989723877,5450.48945444634,36464.4814764912,59312.7376649767,105045865.33251,38172376.5447548,143218241.877265,0.0311569385943018,0.0310064507013511,12,6,8,45,1.2,14,22,40,17,0.175246009216639,0.185565914796912,1737,3024,0.000256086945617031,0.00592263266820589,0.0178922866769324,0.0129679540639274,0.0104938161450225,17,3,44,247,157
5410,1793.88385556369,5398.63221531725,33505.8343224335,62864.9252066768,105346721.285248,37466228.4511269,142812949.736375,0.0311606488742604,0.0306550645061798,12,6,8,45,1.2,14,22,40,20,0.176120919472333,0.177082945899339,1746,2974,0,0.0057060207181539,0.0194565858612935,0.0111170868744878,0.0103133059643652,13,1,41,256,140
5425,1802.18531810538,5457.41531279525,36525.3116974364,58986.4928364396,105607016.453333,36819505.0108225,142426521.464155,0.0311606713986539,0.0302956387546679,12,6,8,45,1.5,14,22,40,17,0.176877876115512,0.169313846359258,1760,2927,0.000290288957527707,0.00599534689501545,0.0177486161884822,0.0130060081657555,0.0104835144767799,16,4,46,245,158
5426,1795.94973736194,5405.46919938042,33544.9894274776,62518.3754029313,105918477.327941,36132709.929876,142051187.257817,0.0311643813575128,0.0299444549548202,12,6,8,45,1.5,14,22,40,20,0.177783626229352,0.161063365527761,1767,2873,3.37631234399524e-05,0.00577802172755841,0.0193039735431161,0.0111415814814658,0.0102960234775742,11,2,42,255,141
