"program_id","mean","min","max"
1,7264.29077761677,5096.19999540045,8927.86288874697
2,4438.40143307785,3142.20229114515,5513.5760687341
3,4389.51754887396,3108.90627985007,5467.25772656594
