"max_mort","min_mort","mean_mort"
318.24737072603,224.54054531983,270.339024758439
