"sim_id","HIV_neg_female","HIV_neg_male","HIV_pos_female","HIV_pos_male","hiv_prev_mse_male","hiv_prev_mse_female","hiv_prev_mse","max_perc_diff_male","max_perc_diff_female","b1_contact","b2_contact","hiv2_mort","hiv3_mort","hiv4_mort","tb_hiv1_mort","tb_hiv2_mort","tb_hiv3_mort","tb_hiv4_mort","hiv_prev_mse_male_norm","hiv_prev_mse_female_norm","hiv_prev_mse_male_norm_rank","hiv_prev_mse_female_norm_rank","tb_mort_mse_male_neg_norm","tb_mort_mse_female_neg_norm","tb_mort_mse_male_pos_norm","tb_mort_mse_female_pos_norm","tb_mort_mse_overall_norm","tbmort_rank_total","tbmort_HIV_neg_male","tbmort_HIV_neg_female","tbmort_HIV_pos_male","tbmort_HIV_pos_female"
1343,1570.62756640931,9457.27216322154,31244.1490510264,136741.126087886,126671379.74736,150000332.169796,276671711.917156,0.0336707954703011,0.0491763751245254,7,9,8,45,1.5,17,30,60,17,0.235431954997057,0.348807708789309,2568,3695,0.0204373525864299,0.00667745425555476,0,0,0.00542296136839694,1,44,31,1,1
1344,1560.90114248063,9363.61402903232,34282.1663510004,142005.706489108,127019104.261253,148437658.175663,275456762.436915,0.0336735096204952,0.0488461122210797,7,9,8,45,1.5,17,30,60,20,0.23643335538799,0.343620922890321,2579,3659,0.019999519831125,0.0063176991461778,0.00452770615592421,0.00338811190877566,0.00763818921487053,3,41,27,4,2
3768,2035.97731846577,5623.25314064061,36233.0763038284,140952.424634712,127790845.530373,148770476.596737,276561322.12711,0.0337467914299467,0.0489688304798351,10,7,8,45,1.5,14,30,60,20,0.238655867686428,0.344725604928821,2603,3666,0.00251409234769212,0.0238895305723157,0.00362185034736535,0.0055638405473789,0.00803643185242485,4,8,97,3,4
5439,1462.75990888955,8744.54883480519,36200.1726649544,140559.065689403,128085817.255057,150047654.200489,278133471.455546,0.0337618698074613,0.0492259921037085,12,6,8,45,1.5,17,30,60,17,0.239505347054753,0.348964778813148,2612,3696,0.0171055157806682,0.0026877103153558,0.00328354917568034,0.00552714516361265,0.00660185352099271,2,40,13,2,3
