"max_incidence","min_incidence","mean_incidence"
2304.67715735224,1611.72773621916,1932.90284635315
