"year","max_prev","min_prev","mean_prev"
2017,3541.82754726319,2487.95857633363,2955.484202834
