"sim_id","HIV_neg_female","HIV_neg_male","HIV_pos_female","HIV_pos_male","hiv_prev_mse_male","hiv_prev_mse_female","hiv_prev_mse","max_perc_diff_male","max_perc_diff_female","b1_contact","b2_contact","hiv2_mort","hiv3_mort","hiv4_mort","tb_hiv1_mort","tb_hiv2_mort","tb_hiv3_mort","tb_hiv4_mort","hiv_prev_mse_male_norm","hiv_prev_mse_female_norm","hiv_prev_mse_male_norm_rank","hiv_prev_mse_female_norm_rank","tb_mort_mse_male_neg_norm","tb_mort_mse_female_neg_norm","tb_mort_mse_male_pos_norm","tb_mort_mse_female_pos_norm","tb_mort_mse_overall_norm","tbmort_rank_total","tbmort_HIV_neg_male","tbmort_HIV_neg_female","tbmort_HIV_pos_male","tbmort_HIV_pos_female"
4773,2478.6620982947,8334.54138319628,32127.5193578746,35650.7750538032,192010555.327098,91643383.2728609,283653938.599959,0.0411518009453194,0.0396822373393369,11,8,8,45,1.2,14,30,40,17,0.237821143298136,0.312838104171449,2555,3835,0.00296203242136775,0.00778623152579704,0.016097505355751,0.0167894794613573,0.0120157482345654,4,41,90,429,236
4774,2469.53828980349,8278.66688511691,30026.7394563273,37682.8820633472,192521580.961679,90415965.2593528,282937546.221032,0.0411543576425483,0.039342633061921,11,8,8,45,1.2,14,30,40,20,0.239008889750586,0.304860316622977,2575,3784,0.00261094227420371,0.00746171434643438,0.017844028337697,0.014493694749431,0.011715848250266,2,35,82,457,193
4789,2482.51871523097,8338.20258814432,32192.9011657468,35341.6942373086,193548690.296419,88073974.1824752,281622664.478894,0.0411554763862375,0.0386109143352434,11,8,8,45,1.5,14,30,40,17,0.241396138816118,0.28963819421144,2603,3674,0.0029850377820992,0.00792340433595052,0.0158318614960767,0.0168609303329315,0.0119895259723124,3,42,96,424,238
4790,2473.36164557589,8282.28187247073,30057.50159282,37347.62863216,194070895.447749,86876422.0442632,280947317.492013,0.0411580327477971,0.0382719223075134,11,8,8,45,1.5,14,30,40,20,0.242609869153645,0.281854524400723,2619,3631,0.00263365722441666,0.00759770411782814,0.0175558900558079,0.0145273123800139,0.0116712329991955,1,36,87,448,194
