"sim_id","HIV_neg_female","HIV_neg_male","HIV_pos_female","HIV_pos_male","hiv_prev_mse_male","hiv_prev_mse_female","b1_contact","b2_contact","hiv2_mort","hiv3_mort","hiv4_mort","tb_hiv1_mort","tb_hiv2_mort","tb_hiv3_mort","tb_hiv4_mort","hiv_prev_mse_male_norm","hiv_prev_mse_female_norm","hiv_prev_mse_male_norm_rank","hiv_prev_mse_female_norm_rank","tb_mort_mse_male_neg_norm","tb_mort_mse_female_neg_norm","tb_mort_mse_male_pos_norm","tb_mort_mse_female_pos_norm","tb_mort_mse_overall_norm","tbmort_rank_total","tbmort_HIV_neg_male","tbmort_HIV_neg_female","tbmort_HIV_pos_male","tbmort_HIV_pos_female"
4648,1579.14925063166,5475.25403182409,67748.7914875843,207795.357818855,112704730.216515,139747844.10932,11,7,8,45,1.2,14,30,60,20,0.244150177941186,0.348418867897446,2704,3620,0.00179964274332817,0.00700305619267349,0.0451051997661221,0.0301066722913274,0.0243241014044352,15,2,30,17,18
4663,1586.166908398,5536.26970725036,62815.8998956052,200565.772080732,113102996.471029,138241730.060763,11,7,8,45,1.5,14,30,60,17,0.245454754993583,0.343159500345557,2714,3584,0.00208552512303063,0.00726300739595323,0.0388858877698068,0.0247516078302914,0.0209609551838262,10,4,32,13,14
4664,1581.09504625501,5482.23495675735,67520.666052957,206981.018507227,113461665.411963,136672787.23065,11,7,8,45,1.5,14,30,60,20,0.246629625483984,0.337680733967031,2724,3552,0.00183235111570137,0.00707513322043221,0.0444046575174595,0.0298590231417662,0.0240606010649944,14,3,31,15,17
5432,1783.26061276685,5091.15754562424,47509.9551493227,164402.487998632,111374365.970658,140195625.100862,12,6,8,45,1.5,14,30,60,20,0.239792383006759,0.349982524261665,2659,3628,0,0.0145638401403555,0.00777611818343423,0.00813573066674844,0.0076863226831259,2,1,55,3,4
