"sim_id","HIV_neg_female","HIV_neg_male","HIV_pos_female","HIV_pos_male","hiv_prev_mse_male","hiv_prev_mse_female","b1_contact","b2_contact","hiv2_mort","hiv3_mort","hiv4_mort","tb_hiv1_mort","tb_hiv2_mort","tb_hiv3_mort","tb_hiv4_mort","hiv_prev_mse_male_norm","hiv_prev_mse_female_norm","hiv_prev_mse_male_norm_rank","hiv_prev_mse_female_norm_rank","tb_mort_mse_male_neg_norm","tb_mort_mse_female_neg_norm","tb_mort_mse_male_pos_norm","tb_mort_mse_female_pos_norm","tb_mort_mse_overall_norm","tbmort_rank_total","tbmort_HIV_neg_male","tbmort_HIV_neg_female","tbmort_HIV_pos_male","tbmort_HIV_pos_female"
3496,3829.73445601477,28483.3801386339,131547.064604395,381897.094618319,253980145.319372,33767076.3019784,9,12,8,45,1.2,14,30,60,20,0.348224539102589,0.0551846453338492,3098,1420,0.0779271891070131,0,0.330934146357902,0.0955755998061095,0.143538361670606,1348,1114,1,2112,1169
3512,3833.9227350727,28502.3367819531,131282.940019556,380233.901058315,255504463.582677,33299955.8110431,9,12,8,45,1.5,14,30,60,20,0.351734165308443,0.0483845307050214,3101,1218,0.0780515058646183,0.000200509132905521,0.329280489646844,0.0953152593476781,0.143029127697861,1343,1116,3,2109,1165
5160,3833.45594142832,30721.8567998938,148635.338923717,414067.9123929,255635231.162518,33706331.1433673,11,11,8,45,1.2,14,30,60,20,0.352035247658589,0.054300346636366,3102,1394,0.092607011679869,0.000178161914015233,0.36292049478571,0.112419049547097,0.161158898018619,1449,1215,2,2151,1261
5176,3837.88401366726,30742.2415808816,148350.863512603,412350.29639399,257165585.874628,33250399.7944502,11,11,8,45,1.5,14,30,60,20,0.355558772326089,0.0476631181360604,3107,1201,0.0927406940958027,0.000390150874825571,0.361212727697187,0.112138649829717,0.160631582252197,1444,1216,4,2149,1256
