"sim_id","HIV_neg_female","HIV_neg_male","HIV_pos_female","HIV_pos_male","hiv_prev_mse_male","hiv_prev_mse_female","hiv_prev_mse","max_perc_diff_male","max_perc_diff_female","b1_contact","b2_contact","hiv2_mort","hiv3_mort","hiv4_mort","tb_hiv1_mort","tb_hiv2_mort","tb_hiv3_mort","tb_hiv4_mort","hiv_prev_mse_male_norm","hiv_prev_mse_female_norm","hiv_prev_mse_male_norm_rank","hiv_prev_mse_female_norm_rank","tb_mort_mse_male_neg_norm","tb_mort_mse_female_neg_norm","tb_mort_mse_male_pos_norm","tb_mort_mse_female_pos_norm","tb_mort_mse_overall_norm","tbmort_rank_total","tbmort_HIV_neg_male","tbmort_HIV_neg_female","tbmort_HIV_pos_male","tbmort_HIV_pos_female"
6191,8950.78832898252,34418.0313601837,274627.940890603,69250.3176142361,105319624.352068,198222730.81925,303542355.171318,0.0314199966838682,0.0558128795982894,12,12,8,45,1.2,17,30,60,17,0.246456760356015,0.408476692611752,3123,3172,0.0291632710690629,0.0286392242683675,0.0100030369878597,0.0171367865041464,0.0197024461150879,3,14,14,7,7
6192,8952.85528714405,34433.830488262,269413.0912028,67808.900703971,105422758.353581,197456840.865543,302879599.219125,0.0314212927106627,0.0556715969286519,12,12,8,45,1.2,17,30,60,20,0.246848500553334,0.406018197905443,3124,3165,0.0293702518747842,0.028779060162056,0.00511076660420556,0.00773398988483066,0.0154832893540789,1,16,16,5,3
6207,8949.04033643966,34411.610596915,274832.757245838,69388.6470252109,105849592.432064,194371169.673642,300220762.105705,0.0314235195749866,0.0550357717491857,12,12,8,45,1.5,17,30,60,17,0.248469770587206,0.396113241907547,3133,3142,0.0290791541008277,0.0285209673515418,0.0104725367388899,0.0175060869917692,0.0199136114096716,4,13,13,8,8
6208,8951.10543930591,34427.4010517114,269613.456961775,67941.8821610044,105956890.595717,193614041.177226,299570931.772943,0.0314248154513827,0.0548946567028411,12,12,8,45,1.5,17,30,60,20,0.248877327776734,0.393682871341353,3134,3138,0.0292860212798445,0.0286606777289619,0.00556211502338019,0.00809526558670203,0.0156865539847859,2,15,15,6,4
