"X","sim_id","HIV_neg_female","HIV_neg_male","HIV_pos_female","HIV_pos_male","hiv_prev_mse_male","hiv_prev_mse_female","hiv_prev_mse","max_perc_diff_male","max_perc_diff_female","b1_contact","b2_contact","hiv2_mort","hiv3_mort","hiv4_mort","tb_hiv1_mort","tb_hiv2_mort","tb_hiv3_mort","tb_hiv4_mort","hiv_prev_mse_male_norm","hiv_prev_mse_female_norm","hiv_prev_mse_male_norm_rank","hiv_prev_mse_female_norm_rank","tb_mort_mse_male_neg_norm","tb_mort_mse_female_neg_norm","tb_mort_mse_male_pos_norm","tb_mort_mse_female_pos_norm","tb_mort_mse_overall_norm","tbmort_rank_total","tbmort_HIV_neg_male","tbmort_HIV_neg_female","tbmort_HIV_pos_male","tbmort_HIV_pos_female"
6061,6061,2300.77416357527,7869.53083913926,47792.2384609832,18161.3934446636,111339547.733537,181195457.396796,292535005.130333,0.0319511800084105,0.0533309781513226,12,11,8,45,1.2,17,30,40,17,0.244849305671517,0.383422364182291,2976,3328,0.00376664885297268,0.018113815303326,0.0304844718762819,0.0577595198599227,0.0308492903521211,3,9,43,329,129
6062,6062,2297.10759047805,7829.49298519966,44859.9817849972,19589.151606364,111577832.681606,179846172.843469,291424005.525074,0.0319536338605628,0.0530744952277325,12,11,8,45,1.2,17,30,40,20,0.245675459584499,0.379191809796564,2985,3302,0.0031873500223267,0.0178695256393182,0.0361706438834969,0.0529811812017436,0.0309569226579011,4,5,39,366,119
6077,6077,2302.58004299471,7875.31019789801,47872.8825890601,17988.8754925645,111972446.039512,177599493.72413,289571939.763642,0.0319544428019562,0.0525689382409487,12,11,8,45,1.5,17,30,40,17,0.247043617214227,0.372147559435734,2995,3260,0.00385026911333624,0.0182341341037198,0.0297974040126322,0.057890935693298,0.0307233825551903,1,10,44,324,130
6078,6078,2298.90052344118,7835.2251979592,44926.6863587101,19402.3764388454,112218311.699736,176265962.410593,288484274.110329,0.0319568963802167,0.0523127500994114,12,11,8,45,1.5,17,30,40,20,0.247896054092463,0.367966397846746,3005,3238,0.00327028813768185,0.0179889818671195,0.0354267954099415,0.0530898814549854,0.0308068570604383,2,6,41,361,120
