"sim_id","HIV_neg_female","HIV_neg_male","HIV_pos_female","HIV_pos_male","hiv_prev_mse_male","hiv_prev_mse_female","hiv_prev_mse","max_perc_diff_male","max_perc_diff_female","b1_contact","b2_contact","hiv2_mort","hiv3_mort","hiv4_mort","tb_hiv1_mort","tb_hiv2_mort","tb_hiv3_mort","tb_hiv4_mort","hiv_prev_mse_male_norm","hiv_prev_mse_female_norm","hiv_prev_mse_male_norm_rank","hiv_prev_mse_female_norm_rank","tb_mort_mse_male_neg_norm","tb_mort_mse_female_neg_norm","tb_mort_mse_male_pos_norm","tb_mort_mse_female_pos_norm","tb_mort_mse_overall_norm","tbmort_rank_total","tbmort_HIV_neg_male","tbmort_HIV_neg_female","tbmort_HIV_pos_male","tbmort_HIV_pos_female"
5441,1853.58861216421,5893.16085271163,25573.1507251925,53839.8462546418,192980346.811074,123107527.363299,316087874.174373,0.0388018753805531,0.0460498699947703,12,6,12,35,1.2,14,22,40,17,0.426392968347944,0.259545827374322,3292,3116,0.0014589697682104,0.0108397769751203,0.015450222291989,0.00630271428544584,0.00898563032189659,2,19,295,368,253
5442,1848.64327776119,5831.98698379903,24326.2319254211,56848.4377128997,193339987.632612,122050493.550815,315390481.183426,0.0388050757305742,0.0457817504075276,12,6,12,35,1.2,14,22,40,20,0.427428686121336,0.256037348898369,3300,3086,0.00120306112744961,0.0106782710960833,0.0167459402076107,0.00560456413938232,0.0090814177488045,4,15,288,384,220
5457,1855.52918207985,5899.91236504788,25587.1581066375,53527.2335793996,194141366.333091,120178416.878555,314319783.211646,0.0388052266087219,0.045305641093954,12,6,12,35,1.5,14,22,40,17,0.429736550283572,0.249823601871186,3317,3025,0.00148721336920804,0.0109031525579458,0.015315588577315,0.00631055702180009,0.00896591686516529,1,20,297,367,254
5458,1850.48483734137,5845.0327222355,24207.379363144,56628.5678829113,194736024.430608,118611049.455068,313347073.885676,0.0388084266949125,0.0449392321562362,12,6,12,35,1.5,14,22,40,20,0.431449086580361,0.244621237666497,3332,2980,0.00125763536397155,0.0107384131763871,0.0166512482955405,0.00553801856020833,0.00905598976479636,3,16,290,383,218
