"max_incidence","min_incidence","mean_incidence"
2125.87563678964,1837.85726989471,1962.67386968705
