"year","max_prev","min_prev","mean_prev"
2017,3210.83756396295,2778.55620700702,2961.13427274073
