"max_incidence","min_incidence","mean_incidence"
2162.39752221298,1575.82547299459,1884.80398720528
