"year","max_prev","min_prev","mean_prev"
2017,3325.82992333569,2433.88724039989,2876.94292182843
