"sim_id","HIV_neg_female","HIV_neg_male","HIV_pos_female","HIV_pos_male","hiv_prev_mse_male","hiv_prev_mse_female","hiv_prev_mse","max_perc_diff_male","max_perc_diff_female","b1_contact","b2_contact","hiv2_mort","hiv3_mort","hiv4_mort","tb_hiv1_mort","tb_hiv2_mort","tb_hiv3_mort","tb_hiv4_mort","hiv_prev_mse_male_norm","hiv_prev_mse_female_norm","hiv_prev_mse_male_norm_rank","hiv_prev_mse_female_norm_rank","tb_mort_mse_male_neg_norm","tb_mort_mse_female_neg_norm","tb_mort_mse_male_pos_norm","tb_mort_mse_female_pos_norm","tb_mort_mse_overall_norm","tbmort_rank_total","tbmort_HIV_neg_male","tbmort_HIV_neg_female","tbmort_HIV_pos_male","tbmort_HIV_pos_female"
6183,12388.0445975745,50413.8950624432,270534.92832721,67730.7292134705,105639793.050947,198063542.903248,303703335.954195,0.0314603721732354,0.0557942672313521,12,12,8,45,1.2,14,30,60,17,0.247672876742792,0.40796570190492,3130,3169,0.238721465730552,0.261179878017151,0.00484544706681279,0.00975675313829432,0.104360928811073,32,231,247,3,6
6184,12390.3803604896,50432.1247872105,265322.193811841,66303.1079267906,105744210.63221,197293273.113,303037483.74521,0.0314616835734402,0.0556521989669221,12,12,8,45,1.2,14,30,60,20,0.248069492439722,0.405493147992197,3132,3163,0.238960289234084,0.261337899355344,0,0.000357770346300982,0.100166968821776,28,232,248,1,2
6199,12382.1760120565,50388.2786653437,270329.893087379,67751.4767565392,106256446.994391,193633457.016653,299889904.011044,0.031463911861088,0.0549544418038785,12,12,8,45,1.5,14,30,60,17,0.250015151200652,0.393745195880562,3135,3139,0.238385871102476,0.260782850677235,0.00491586568738381,0.00938705798400596,0.104124621457359,31,229,245,4,5
6200,12384.5088113178,50406.4842625608,265123.772144943,66321.6655402598,106365242.624592,192873941.875075,299239184.499667,0.0314652231085958,0.0548126014441463,12,12,8,45,1.5,14,30,60,20,0.250428396309124,0.391307164220931,3136,3137,0.238624378516427,0.260940671515395,6.29858454691443e-05,0,0.0999319057600053,27,230,246,2,1
