"","max_incidence","min_incidence","mean_incidence"
"1",1203.21597193294,1164.42398007066,1180.12253761446
