"sim_id","HIV_neg_female","HIV_neg_male","HIV_pos_female","HIV_pos_male","hiv_prev_mse_male","hiv_prev_mse_female","hiv_prev_mse","max_perc_diff_male","max_perc_diff_female","b1_contact","b2_contact","hiv2_mort","hiv3_mort","hiv4_mort","tb_hiv1_mort","tb_hiv2_mort","tb_hiv3_mort","tb_hiv4_mort","hiv_prev_mse_male_norm","hiv_prev_mse_female_norm","tb_mort_mse_male_neg_norm","tb_mort_mse_female_neg_norm","tb_mort_mse_male_pos_norm","tb_mort_mse_female_pos_norm","tb_mort_mse_overall_norm","tbmort_rank_total","tbmort_HIV_neg_male","tbmort_HIV_neg_female","tbmort_HIV_pos_male","tbmort_HIV_pos_female"
4005,2770.9007542807,9163.73737254316,33847.7592337842,38736.1516516917,240250860.695017,66700198.691958,306951059.386975,0.0448325870320061,0.0322422088043191,10,9,8,45,1.2,14,30,40,17,0.248172760794584,0.207181465158468,0.00440591888509009,0.00620779477807637,0.0173189708545294,0.0139180134511239,0.0114938380243293,4,53,60,403,149
4006,2757.13330443343,9086.47152129481,31806.5296808362,40839.3959706416,240905745.316655,65716265.0403268,306622010.356981,0.0448354062617848,0.0318808553186632,10,9,8,45,1.2,14,30,40,20,0.249529209687134,0.196542617382715,0.00394139312218273,0.00577354454811117,0.0192911807038627,0.0115720578876026,0.0112019591114984,2,40,54,432,125
4021,2776.72126553783,9168.47927392701,33901.3517392003,38400.2324883321,242237761.004376,63819913.7392015,306057674.743578,0.0448365585805728,0.0311053825118414,10,9,8,45,1.5,14,30,40,17,0.252288186069799,0.176038193340935,0.00443442740887355,0.00639138421402584,0.0170039798301445,0.0139796065414563,0.0114602382360601,3,54,63,398,150
4022,2762.90728436157,9091.16523623061,31819.1708112026,40474.4635906023,242904056.104014,62869474.3715527,305773530.475567,0.0448393774063048,0.0307447959138787,10,9,8,45,1.5,14,30,40,20,0.253668269248046,0.165761504729121,0.0039696119468795,0.00595566630191615,0.0189489840185943,0.0115865861556601,0.0111457267020355,1,42,56,427,126
