"sim_id","HIV_neg_female","HIV_neg_male","HIV_pos_female","HIV_pos_male","hiv_prev_mse_male","hiv_prev_mse_female","hiv_prev_mse","max_perc_diff_male","max_perc_diff_female","b1_contact","b2_contact","hiv2_mort","hiv3_mort","hiv4_mort","tb_hiv1_mort","tb_hiv2_mort","tb_hiv3_mort","tb_hiv4_mort","hiv_prev_mse_male_norm","hiv_prev_mse_female_norm","hiv_prev_mse_male_norm_rank","hiv_prev_mse_female_norm_rank","tb_mort_mse_male_neg_norm","tb_mort_mse_female_neg_norm","tb_mort_mse_male_pos_norm","tb_mort_mse_female_pos_norm","tb_mort_mse_overall_norm","tbmort_rank_total","tbmort_HIV_neg_male","tbmort_HIV_neg_female","tbmort_HIV_pos_male","tbmort_HIV_pos_female"
557,2033.13700353445,15386.3954841819,17826.16920415,116332.811957651,118231703.69229,164502296.349259,282734000.04155,0.0326116873412882,0.0511302505169484,6,10,8,45,1.2,17,30,40,17,0.211126809506241,0.39694224202918,2251,4059,0.0411720174166066,0.0167035100242451,0.0347396446078918,0.00035895515146107,0.0221046854159762,76,285,229,86,4
573,2037.69973514039,15399.6541226187,17725.4040968853,115783.863968904,118940911.079395,161156305.157373,280097216.236768,0.0326150342185836,0.0503862369166733,6,10,8,45,1.5,17,30,40,17,0.213169232534597,0.385836317186652,2283,3967,0.0412274822776825,0.0168525207723105,0.0345013454246396,0.000302445943906785,0.0220571380205625,75,287,232,83,3
1333,2267.18009922434,7038.63557191723,17186.0937915641,96297.1934698657,118434466.474908,163706102.810657,282140569.285565,0.0325619303103732,0.0507350370893226,7,9,8,45,1.5,14,30,40,17,0.211710739375052,0.394299537642729,2259,4041,0.00625083406629106,0.0243469437784706,0.0260421511850777,0,0.0139322009244756,34,73,289,54,1
1341,1778.59640185579,11421.5246123292,17211.1615499244,86349.6415406248,117057439.890019,165152628.275223,282210068.165241,0.0324456330731176,0.0508809679831632,7,9,8,45,1.5,17,30,40,17,0.207745085803509,0.399100806436032,2201,4078,0.0245857734264231,0.00839066396075973,0.0217239032841996,1.40580325725312e-05,0.0131166758724682,26,205,132,45,2
