"max_incidence","min_incidence","mean_incidence"
2215.80300695523,1965.03604690449,2084.94585105617
