"calibration_group","max_incidence","min_incidence","mean_incidence"
"HIV_neg_female",298.87171532707,262.83856625025,280.161256859085
"HIV_neg_male",361.97031016356,318.48225819984,339.279485300738
"HIV_pos_female",1053.4352383659,938.307300829601,993.262134304834
"HIV_pos_male",501.9241831365,445.407921624801,472.242974591508
