"year","max_prev","min_prev","mean_prev"
2017,3342.32259135941,2964.96616333575,3143.80278171477
