"sim_id","HIV_neg_female","HIV_neg_male","HIV_pos_female","HIV_pos_male","hiv_prev_mse_male","hiv_prev_mse_female","b1_contact","b2_contact","hiv2_mort","hiv3_mort","hiv4_mort","tb_hiv1_mort","tb_hiv2_mort","tb_hiv3_mort","tb_hiv4_mort","hiv_prev_mse_male_norm","hiv_prev_mse_female_norm","hiv_prev_mse_male_norm_rank","hiv_prev_mse_female_norm_rank","tb_mort_mse_male_neg_norm","tb_mort_mse_female_neg_norm","tb_mort_mse_male_pos_norm","tb_mort_mse_female_pos_norm","tb_mort_mse_overall_norm","tbmort_rank_total","tbmort_HIV_neg_male","tbmort_HIV_neg_female","tbmort_HIV_pos_male","tbmort_HIV_pos_female"
2893,1568.3166675816,6398.97218116068,27919.988673393,32380.3227725348,174867440.254442,109350679.065257,9,7,12,35,1.2,17,30,40,17,0.447772865304634,0.242271618520625,3530,2865,0.00614042131306744,0.0065919801217296,0.00826559003298801,0.00990346896902709,0.00799719798756394,2,155,159,257,365
2894,1561.41982562633,6332.33766718789,26415.1006144177,34417.0363808879,175360007.086549,108066540.6844,9,7,12,35,1.2,17,30,40,20,0.449386337143273,0.237787392549237,3548,2812,0.005828918493759,0.00633688388593241,0.00926536193904619,0.00893234408747165,0.00789247228389364,1,143,153,272,341
3660,1709.97939242811,5466.81866865853,28584.9411017225,33990.8385329252,174936346.778353,108879949.931683,10,6,12,35,1.2,17,22,60,20,0.447998578301493,0.240627826980921,3533,2845,0.00178279296312178,0.0118317156551065,0.00905615204666465,0.0103325718809348,0.00853951890192549,3,15,311,269,375
5457,1631.31367214841,5546.67170462879,22160.7395680214,46202.2979878,167989074.004547,114376303.210666,12,6,12,35,1.5,14,22,40,17,0.425241810599665,0.259821155744365,3318,3024,0.00215608968807774,0.00892207537919875,0.0150504528874315,0.00618694661911183,0.0085868528654183,4,28,226,354,229
