"sim_id","HIV_neg_female","HIV_neg_male","HIV_pos_female","HIV_pos_male","hiv_prev_mse_male","hiv_prev_mse_female","hiv_prev_mse","max_perc_diff_male","max_perc_diff_female","b1_contact","b2_contact","hiv2_mort","hiv3_mort","hiv4_mort","tb_hiv1_mort","tb_hiv2_mort","tb_hiv3_mort","tb_hiv4_mort","hiv_prev_mse_male_norm","hiv_prev_mse_female_norm","hiv_prev_mse_male_norm_rank","hiv_prev_mse_female_norm_rank","tb_mort_mse_male_neg_norm","tb_mort_mse_female_neg_norm","tb_mort_mse_male_pos_norm","tb_mort_mse_female_pos_norm","tb_mort_mse_overall_norm","tbmort_rank_total","tbmort_HIV_neg_male","tbmort_HIV_neg_female","tbmort_HIV_pos_male","tbmort_HIV_pos_female"
4523,1638.71169199657,6335.02894668519,33190.3333676148,66782.9184374269,111459607.651659,34892171.0098299,146351778.661489,0.0321449337459306,0.0297091851585892,11,6,8,45,1.2,17,22,60,17,0.193897622659331,0.146160750665609,1987,2765,0.00462421414732133,0.000297893100311064,0.0211819771992355,0.010919716138775,0.0106149294509296,22,58,4,266,133
4524,1630.16442385621,6269.08817104558,30905.8102402265,69871.0127602124,111722887.702675,34343534.3369338,146066422.039609,0.0321475442781447,0.0294073732400594,11,6,8,45,1.2,17,22,60,20,0.19466325955186,0.139569969108252,2003,2706,0.0042985783805747,0,0.022541900731891,0.00949056670667735,0.0104694559076854,15,46,1,276,119
4526,1631.71089094118,6205.38839959058,35436.7834030276,55863.3246516071,113292886.296336,34037710.5878645,147330596.8842,0.0321226540331572,0.0292703618340109,11,6,8,45,1.2,17,30,40,20,0.199228925806818,0.135896103279109,2075,2669,0.00398400937955629,5.38981422961836e-05,0.0163732469584505,0.0123250478484244,0.00941706994643297,1,37,2,240,153
4540,1633.0923244261,6278.58702829684,30958.2644422558,69472.0591691707,112344036.861643,33120634.8444522,145464671.706095,0.0321509619713836,0.0286976702833597,11,6,8,45,1.5,17,22,60,20,0.196469604962515,0.124879256985413,2034,2574,0.00434548664991528,0.000102044461908144,0.0223662110280851,0.00952338094792646,0.0104563838151681,14,49,3,275,120
