"sim_id","HIV_neg_female","HIV_neg_male","HIV_pos_female","HIV_pos_male","hiv_prev_mse_male","hiv_prev_mse_female","b1_contact","b2_contact","hiv2_mort","hiv3_mort","hiv4_mort","tb_hiv1_mort","tb_hiv2_mort","tb_hiv3_mort","tb_hiv4_mort","hiv_prev_mse_male_norm","hiv_prev_mse_female_norm","hiv_prev_mse_male_norm_rank","hiv_prev_mse_female_norm_rank","tb_mort_mse_male_neg_norm","tb_mort_mse_female_neg_norm","tb_mort_mse_male_pos_norm","tb_mort_mse_female_pos_norm","tb_mort_mse_overall_norm","tbmort_rank_total","tbmort_HIV_neg_male","tbmort_HIV_neg_female","tbmort_HIV_pos_male","tbmort_HIV_pos_female"
688,4650.3376828987,18753.4308235605,82675.8971868457,75481.4889614063,225635489.451837,34308762.9215122,6,11,8,45,1.2,17,30,60,20,0.282963137055903,0.0630702576698797,2821,1622,0.0141186482094862,0.0392854533344707,0.0262755456678172,0.0474046120984675,0.0327848676386768,4,343,701,493,807
704,4653.41554829908,18768.0292086677,82800.5493766945,74897.8149873771,227039984.742573,33587012.5853048,6,11,8,45,1.5,17,30,60,20,0.286196880032699,0.0525633646629418,2842,1339,0.0142143837187872,0.0394328026667608,0.0256952185144213,0.0475274783900302,0.0326962463484451,2,345,703,476,810
2352,4473.64179740342,18979.6960690944,78722.1863901792,83452.1960524721,226587285.282882,34161976.8301334,8,10,8,45,1.2,17,30,60,20,0.285154574153833,0.0609334166049649,2835,1568,0.0156024848365662,0.030826337239623,0.0342005482592114,0.0435075463181767,0.0325981927884543,1,380,600,639,760
2368,4482.34440659618,19030.9595771925,78926.3757146932,83239.9138179687,227890676.712097,33325992.8468197,8,10,8,45,1.5,17,30,60,20,0.288155533222933,0.0487635653038272,2855,1232,0.0159386684637474,0.0312429648327518,0.0339894832634305,0.0437088102118168,0.0327458147018741,3,386,606,636,763
