"X","sim_id","HIV_neg_female","HIV_neg_male","HIV_pos_female","HIV_pos_male","hiv_prev_mse_male","hiv_prev_mse_female","hiv_prev_mse","max_perc_diff_male","max_perc_diff_female","b1_contact","b2_contact","hiv2_mort","hiv3_mort","hiv4_mort","tb_hiv1_mort","tb_hiv2_mort","tb_hiv3_mort","tb_hiv4_mort","hiv_prev_mse_male_norm","hiv_prev_mse_female_norm","hiv_prev_mse_male_norm_rank","hiv_prev_mse_female_norm_rank","tb_mort_mse_male_neg_norm","tb_mort_mse_female_neg_norm","tb_mort_mse_male_pos_norm","tb_mort_mse_female_pos_norm","tb_mort_mse_overall_norm","tbmort_rank_total","tbmort_HIV_neg_male","tbmort_HIV_neg_female","tbmort_HIV_pos_male","tbmort_HIV_pos_female"
2613,2613,5634.06733778677,17558.3857713961,97919.6344062571,10588.2589368134,108598587.215466,185227285.515357,293825872.730823,0.0315298489379508,0.0534878892169301,8,12,8,45,1.5,14,30,40,17,0.235346165520665,0.396063780766666,2875,3425,0.143952542458114,0.240198319819323,0.000323799991817566,0.139445981976548,0.118761107045997,365,452,462,4,314
4393,4393,2393.04453848995,8309.54198509121,97967.4464962317,10586.1306241258,100290509.45301,199978037.75414,300268547.20715,0.0306230180201716,0.0553471532972999,10,12,8,45,1.2,17,22,40,17,0.206541362664047,0.442313372391108,2248,3959,0.0101330725555441,0.0242614355165643,0.000315323800014598,0.139523895468816,0.048830667395071,85,58,51,3,315
4401,4401,4005.13757077799,11303.8340899294,93025.1587711808,10506.9550155656,101574867.272581,195995221.879558,297570089.152139,0.0307141712640694,0.0545600694011882,10,12,8,45,1.5,14,22,40,17,0.210994339014037,0.429825629072468,2378,3789,0.0534568210651925,0.131668994227349,0,0.131470056018178,0.0764661798639617,199,231,245,1,294
4409,4409,2394.83224625075,8315.13436433892,98107.238136689,10510.6099341372,100815103.65719,196195090.739403,297010194.396593,0.0306268386404543,0.0545812642429226,10,12,8,45,1.5,17,22,40,17,0.208360174796428,0.430452299021001,2312,3800,0.0102139874508234,0.0243805436092303,1.45560335272241e-05,0.139751696740498,0.0488487820442184,86,60,52,2,316
