"sim_id","HIV_neg_female","HIV_neg_male","HIV_pos_female","HIV_pos_male","hiv_prev_mse_male","hiv_prev_mse_female","hiv_prev_mse","max_perc_diff_male","max_perc_diff_female","b1_contact","b2_contact","hiv2_mort","hiv3_mort","hiv4_mort","tb_hiv1_mort","tb_hiv2_mort","tb_hiv3_mort","tb_hiv4_mort","hiv_prev_mse_male_norm","hiv_prev_mse_female_norm","hiv_prev_mse_male_norm_rank","hiv_prev_mse_female_norm_rank","tb_mort_mse_male_neg_norm","tb_mort_mse_female_neg_norm","tb_mort_mse_male_pos_norm","tb_mort_mse_female_pos_norm","tb_mort_mse_overall_norm","tbmort_rank_total","tbmort_HIV_neg_male","tbmort_HIV_neg_female","tbmort_HIV_pos_male","tbmort_HIV_pos_female"
4648,1579.14925063166,5475.25403182409,67748.7914875843,207795.357818855,131049505.900257,146393602.715176,277443108.615433,0.0341466393733813,0.0489634181946999,11,7,8,45,1.2,14,30,60,20,0.248040376508614,0.336836348449965,2708,3615,0.00182222657269289,0.00699264917837193,0.0611088933769721,0.0407113592690726,0.0323090509440264,33,4,35,36,37
5416,1781.76870191829,5085.45601237353,47675.3422078351,165088.957049326,128750078.944098,150140804.300841,278890883.244939,0.0339190604843515,0.0494864985552237,12,6,8,45,1.2,14,30,60,20,0.241418332445515,0.349273960145152,2638,3699,0,0.0144870153908688,0.0243800339190219,0.0183246886745685,0.0157088198562509,11,1,70,13,15
5431,1787.10940173791,5132.89427217117,44356.3381646335,159048.212376055,129175641.350628,148487749.726111,277663391.076738,0.0339196964486231,0.0490757506480731,12,6,8,45,1.5,14,30,60,17,0.242643895623372,0.343787185430363,2649,3660,0.000221764229811671,0.0146845539787244,0.0191848018664946,0.0146232097119101,0.0131236671152286,7,3,72,9,10
5432,1783.26061276685,5091.15754562424,47509.9551493227,164402.487998632,129527558.704398,146925588.012737,276453146.717135,0.0339224919521142,0.0487440699554139,12,6,8,45,1.5,14,30,60,20,0.243657370835964,0.338602099880025,2660,3627,2.66535099618517e-05,0.0145421972906543,0.0237896487582297,0.0181402427655515,0.0154927376172576,10,2,71,12,14
