"sim_id","HIV_neg_female","HIV_neg_male","HIV_pos_female","HIV_pos_male","hiv_prev_mse_male","hiv_prev_mse_female","hiv_prev_mse","max_perc_diff_male","max_perc_diff_female","b1_contact","b2_contact","hiv2_mort","hiv3_mort","hiv4_mort","tb_hiv1_mort","tb_hiv2_mort","tb_hiv3_mort","tb_hiv4_mort","hiv_prev_mse_male_norm","hiv_prev_mse_female_norm","hiv_prev_mse_male_norm_rank","hiv_prev_mse_female_norm_rank","tb_mort_mse_male_neg_norm","tb_mort_mse_female_neg_norm","tb_mort_mse_male_pos_norm","tb_mort_mse_female_pos_norm","tb_mort_mse_overall_norm","tbmort_rank_total","tbmort_HIV_neg_male","tbmort_HIV_neg_female","tbmort_HIV_pos_male","tbmort_HIV_pos_female"
321,3753.67576947119,11035.2706824305,86313.1639648047,15717.3527570775,187205745.669641,129767915.425588,316973661.095228,0.0383542865611727,0.0470309134979695,6,8,12,35,1.2,14,22,40,17,0.409762884446837,0.281652810029036,3185,3289,0.0278141751711771,0.0874227261896637,8.61536975993041e-05,0.0475853849762092,0.0373488418743107,1065,930,1534,2,1456
337,3746.75415383244,11023.3461816918,85923.5666188739,15541.8423158987,188598162.489952,126093865.623652,314692028.113604,0.0383575750240379,0.0462084791101862,6,8,12,35,1.5,14,22,40,17,0.413772859851188,0.26945800178598,3206,3200,0.0277584305520977,0.0871667136397848,0,0.0473339724713621,0.0371852205797852,1059,928,1532,1,1453
338,3745.61563871288,11007.8647900043,81449.1311625047,15955.2695174567,189071242.129671,124762165.367009,313833407.496681,0.0383600391473309,0.0459026856925195,6,8,12,35,1.5,14,22,40,20,0.415135266346068,0.265037857764406,3214,3162,0.0276860581902397,0.0871246029283489,0.000202941100615596,0.044446557971208,0.0363569819452648,1046,926,1531,3,1424
345,2147.98545790443,6918.83498349927,93544.5396877154,16039.821697673,187545150.702015,127013371.560444,314558522.262459,0.0382928276233758,0.0463106103879307,6,8,12,35,1.5,17,22,40,17,0.41074032583657,0.272510001400035,3189,3224,0.00857067432951747,0.0280324201636327,0.000244445656793516,0.0522518908006865,0.023069519835874,696,393,884,4,1513
