"sim_id","HIV_neg_female","HIV_neg_male","HIV_pos_female","HIV_pos_male","hiv_prev_mse_male","hiv_prev_mse_female","hiv_prev_mse","max_perc_diff_male","max_perc_diff_female","b1_contact","b2_contact","hiv2_mort","hiv3_mort","hiv4_mort","tb_hiv1_mort","tb_hiv2_mort","tb_hiv3_mort","tb_hiv4_mort","hiv_prev_mse_male_norm","hiv_prev_mse_female_norm","tb_mort_mse_male_neg_norm","tb_mort_mse_female_neg_norm","tb_mort_mse_male_pos_norm","tb_mort_mse_female_pos_norm","tb_mort_mse_overall_norm","tbmort_rank_total","tbmort_HIV_neg_male","tbmort_HIV_neg_female","tbmort_HIV_pos_male","tbmort_HIV_pos_female"
5552,2591.55384297303,8605.19982516248,48245.5717968142,41378.7789933669,242054878.440787,67693196.9003801,309748075.341167,0.045159559105708,0.0321638285566936,12,7,8,45,1.2,17,30,60,20,0.251909385220533,0.217918324054883,0.00104796610106583,0.000550869323988167,0.0197969595619808,0.0304652109164927,0.0153984182285529,25,7,4,445,367
5671,2587.8674549657,8509.13634314229,43472.6924623771,100770.611389699,252089856.710541,63918924.1540882,316008780.864629,0.0458638025276128,0.0309737172268235,12,8,8,45,1.2,14,30,60,17,0.272694626942547,0.177108750009515,0.000470428138926103,0.000434593989217881,0.07548861448131,0.024979809819655,0.0303215317159183,287,3,3,773,311
5672,2574.08910659047,8430.88873341272,44483.8274957489,104494.980686424,252738599.214483,63014495.8078892,315753095.022372,0.0458665534489371,0.0306173613393612,12,8,8,45,1.2,14,30,60,20,0.274038353794495,0.16732955861451,0,0,0.0789809514121065,0.0261418926699567,0.031536853224619,298,1,1,788,323
5688,2580.38042701532,8437.09760570587,44363.4140208158,103769.036514101,254806853.61061,60346452.1627904,315153305.7734,0.0458708264089629,0.0294868948457093,12,8,8,45,1.5,14,30,60,20,0.278322286097138,0.138481159993106,3.73280186805811e-05,0.000198439607304361,0.07830023437233,0.0260035032070792,0.0313382747990197,296,2,2,787,321
