"","max_incidence","min_incidence","mean_incidence"
"1",2975.64014826467,1823.71824068047,2504.65973645356
