"sim_id","HIV_neg_female","HIV_neg_male","HIV_pos_female","HIV_pos_male","hiv_prev_mse_male","hiv_prev_mse_female","hiv_prev_mse","max_perc_diff_male","max_perc_diff_female","b1_contact","b2_contact","hiv2_mort","hiv3_mort","hiv4_mort","tb_hiv1_mort","tb_hiv2_mort","tb_hiv3_mort","tb_hiv4_mort","hiv_prev_mse_male_norm","hiv_prev_mse_female_norm","hiv_prev_mse_male_norm_rank","hiv_prev_mse_female_norm_rank","tb_mort_mse_male_neg_norm","tb_mort_mse_female_neg_norm","tb_mort_mse_male_pos_norm","tb_mort_mse_female_pos_norm","tb_mort_mse_overall_norm","tbmort_rank_total","tbmort_HIV_neg_male","tbmort_HIV_neg_female","tbmort_HIV_pos_male","tbmort_HIV_pos_female"
681,4312.33407909245,31265.5832814768,15775.2924127391,128715.748046677,107597833.904853,35993550.8202711,143591384.725124,0.0314128279843089,0.0300601175294704,6,11,8,45,1.2,17,22,40,17,0.182667313185637,0.159391644809055,1820,2859,0.127738934856665,0.0934801413782471,0.0484557271647453,2.52342260130691e-05,0.0587881036642099,323,373,305,334,2
697,4319.09932940307,31285.0359330283,15734.9550123009,128110.914386635,108191887.810608,34723414.7192881,142915302.529896,0.0314164927324625,0.0293568933025541,6,11,8,45,1.5,17,22,40,17,0.184394863695607,0.144133478515683,1842,2744,0.127834998013972,0.0937159268194333,0.0481893727591934,0,0.0587669967944391,321,374,310,333,1
1450,3401.63261365537,23972.2326032372,16455.4505511014,105500.072694366,106569822.180771,35995396.8583532,142565219.039124,0.0312926511969679,0.0299694575232304,7,10,8,45,1.2,17,22,40,20,0.179677782840009,0.159413821295511,1790,2860,0.0917221331550802,0.061739978493235,0.0382320940959147,0.000450726796223233,0.0422972685973044,273,328,253,314,4
1466,3407.5836666943,23989.6631378592,16423.3660898006,104963.902854965,107163424.52515,34720717.4934236,141884142.018574,0.0312963229158159,0.0292641527456346,7,10,8,45,1.5,17,22,40,20,0.181404020177762,0.144101076696114,1808,2742,0.0918082104790333,0.0619473871775972,0.0379959776092124,0.000430655434678504,0.0422791094444933,272,331,259,313,3
