"sim_id","HIV_neg_female","HIV_neg_male","HIV_pos_female","HIV_pos_male","hiv_prev_mse_male","hiv_prev_mse_female","hiv_prev_mse","max_perc_diff_male","max_perc_diff_female","b1_contact","b2_contact","hiv2_mort","hiv3_mort","hiv4_mort","tb_hiv1_mort","tb_hiv2_mort","tb_hiv3_mort","tb_hiv4_mort","hiv_prev_mse_male_norm","hiv_prev_mse_female_norm","hiv_prev_mse_male_norm_rank","hiv_prev_mse_female_norm_rank","tb_mort_mse_male_neg_norm","tb_mort_mse_female_neg_norm","tb_mort_mse_male_pos_norm","tb_mort_mse_female_pos_norm","tb_mort_mse_overall_norm","tbmort_rank_total","tbmort_HIV_neg_male","tbmort_HIV_neg_female","tbmort_HIV_pos_male","tbmort_HIV_pos_female"
1481,3031.22459510907,26599.9291093113,14383.5753647617,94330.7067763521,195161992.701757,118978148.042074,314140140.743831,0.0389487646452121,0.04525025895801,7,10,12,35,1.2,17,22,40,17,0.432675818594386,0.245839701518693,3341,2989,0.0880815917028464,0.0492992863047965,0.0328885266031037,3.7668258627317e-05,0.0373540340600479,592,993,761,523,2
1497,3043.34966135359,26663.1194037186,14316.2986333854,94048.9453554763,196569296.937512,115598090.620568,312167387.558079,0.0389520611686481,0.0444092654531142,7,10,12,35,1.5,17,22,40,17,0.436728667776827,0.234620704954176,3371,2885,0.0883459356562124,0.049695269533152,0.0327671796784629,0,0.0374383949414118,599,994,772,522,1
2241,1776.88613482684,8314.8049661243,15332.9680076667,79243.1695563751,194854961.462931,120481103.188636,315336064.651568,0.0389331959259673,0.045510735947004,8,9,12,35,1.2,14,22,40,17,0.431791609427921,0.250828270209457,3334,3033,0.0115894333874922,0.00833480966307463,0.0263907376710517,0.000569233435475384,0.0120728399420715,93,326,234,480,4
2257,1780.76766359561,8338.88794006817,15244.3032444351,78988.3184037081,196259262.83788,117071680.851759,313330943.689639,0.0389365107892408,0.0446682454017173,8,9,12,35,1.5,14,22,40,17,0.435835810770292,0.239511806399983,3365,2933,0.0116901796903991,0.0084615735307364,0.0262809802616763,0.000519590012493744,0.0120705217264781,92,329,242,479,3
