"X","sim_id","HIV_neg_female","HIV_neg_male","HIV_pos_female","HIV_pos_male","tb_mort_mse_total","hiv_prev_mse_male","hiv_prev_mse_female","hiv_prev_mse","max_perc_diff_male","max_perc_diff_female","b1_contact","b2_contact","hiv2_mort","hiv3_mort","hiv4_mort","tb_hiv1_mort","tb_hiv2_mort","tb_hiv3_mort","tb_hiv4_mort","hiv_prev_mse_male_norm","hiv_prev_mse_female_norm","avg_prev_mse_norm","tbmort_rank_total","tbmort_HIV_neg_male","tbmort_HIV_neg_female","tbmort_HIV_pos_male","tbmort_HIV_pos_female"
5552,5552,2591.55384297303,8605.19982516248,48245.5717968142,41378.7789933669,100821.104458317,242054878.440787,67693196.9003801,309748075.341167,0.045159559105708,0.0321638285566936,12,7,8,45,1.2,17,30,60,20,0.251909385220533,0.217918324054883,0.234913854637708,155,7,4,488,535
5671,5671,2587.8674549657,8509.13634314229,43472.6924623771,100770.611389699,155340.307650184,252089856.710541,63918924.1540882,316008780.864629,0.0458638025276128,0.0309737172268235,12,8,8,45,1.2,14,30,60,17,0.272694626942547,0.177108750009515,0.224901688476031,622,3,3,1061,465
5672,5672,2574.08910659047,8430.88873341272,44483.8274957489,104494.980686424,159983.786022176,252738599.214483,63014495.8078892,315753095.022372,0.0458665534489371,0.0306173613393612,12,8,8,45,1.2,14,30,60,20,0.274038353794495,0.16732955861451,0.220683956204502,646,1,1,1092,481
5688,5688,2580.38042701532,8437.09760570587,44363.4140208158,103769.036514101,159149.928567638,254806853.61061,60346452.1627904,315153305.7734,0.0458708264089629,0.0294868948457093,12,8,8,45,1.5,14,30,60,20,0.278322286097137,0.138481159993105,0.208401723045121,641,2,2,1089,479
