"X","sim_id","HIV_neg_female","HIV_neg_male","HIV_pos_female","HIV_pos_male","hiv_prev_mse_male","hiv_prev_mse_female","hiv_prev_mse","max_perc_diff_male","max_perc_diff_female","b1_contact","b2_contact","hiv2_mort","hiv3_mort","hiv4_mort","tb_hiv1_mort","tb_hiv2_mort","tb_hiv3_mort","tb_hiv4_mort","hiv_prev_mse_male_norm","hiv_prev_mse_female_norm","hiv_prev_mse_male_norm_rank","hiv_prev_mse_female_norm_rank","tb_mort_mse_male_neg_norm","tb_mort_mse_female_neg_norm","tb_mort_mse_male_pos_norm","tb_mort_mse_female_pos_norm","tb_mort_mse_overall_norm","tbmort_rank_total","tbmort_HIV_neg_male","tbmort_HIV_neg_female","tbmort_HIV_pos_male","tbmort_HIV_pos_female"
6063,6063,2375.38180851693,7644.75701433817,17832.4422914814,47159.7964219192,119614799.567711,166788037.18438,286402836.752091,0.0330565945174325,0.0518181197033753,12,11,8,45,1.2,17,30,60,17,0.27354029827987,0.338249257726472,3113,3165,0.000514446223342981,0.0230846357484534,0.145973153143447,0.0089377187535247,0.0511930779634508,94,3,47,751,31
6064,6064,2372.12052296035,7609.20140528055,16576.8314257914,49514.4736430394,119854380.96053,165561604.340912,285415985.301442,0.0330587376545207,0.0515738478170872,12,11,8,45,1.2,17,30,60,20,0.274370947075606,0.334403893283561,3114,3161,0,0.0228673488345624,0.155350861539675,0.00689160389997466,0.0532462093988073,98,1,45,773,23
6079,6079,2377.04310454194,7650.30857703542,17876.4966924392,46818.2952754534,120312121.032778,163340495.705757,283652616.738535,0.0330598168202925,0.0510606986561278,12,11,8,45,1.5,17,30,60,17,0.275957970321857,0.327439816762817,3115,3154,0.000594770553004267,0.0231953215133369,0.144613094898602,0.00900950880140269,0.0508447995232696,93,4,48,742,32
6080,6080,2373.76978132315,7614.70926608081,16604.0176481843,49156.8000693091,120558633.604055,162128821.759689,282687455.363744,0.0330619597164651,0.0508167001361562,12,11,8,45,1.5,17,30,60,20,0.276812650095005,0.323640727449916,3117,3150,7.9692016604215e-05,0.0229772325763091,0.153926395185903,0.00693590594845961,0.0528700752588913,97,2,46,769,24
