"X","sim_id","HIV_neg_female","HIV_neg_male","HIV_pos_female","HIV_pos_male","hiv_prev_mse_male","hiv_prev_mse_female","hiv_prev_mse","max_perc_diff_male","max_perc_diff_female","b1_contact","b2_contact","hiv2_mort","hiv3_mort","hiv4_mort","tb_hiv1_mort","tb_hiv2_mort","tb_hiv3_mort","tb_hiv4_mort","hiv_prev_mse_male_norm","hiv_prev_mse_female_norm","hiv_prev_mse_male_norm_rank","hiv_prev_mse_female_norm_rank","tb_mort_mse_male_neg_norm","tb_mort_mse_female_neg_norm","tb_mort_mse_male_pos_norm","tb_mort_mse_female_pos_norm","tb_mort_mse_overall_norm","tbmort_rank_total","tbmort_HIV_neg_male","tbmort_HIV_neg_female","tbmort_HIV_pos_male","tbmort_HIV_pos_female"
4385,4385,4994.42448874251,14126.0327177478,105667.010090337,12019.7350924451,101043476.616708,199777532.058026,300821008.674734,0.0307103159072017,0.0553260544006789,10,12,8,45,1.2,14,22,40,17,0.209151963013245,0.441684705702554,2333,3944,0.0629668360438408,0.142562689689564,0.000320583364961025,0.131200037606206,0.0805620914380311,202,232,244,4,293
4393,4393,2960.97650642503,9766.27933707745,111497.519708997,12005.0603585523,100290509.45301,199978037.75414,300268547.20715,0.0306230180201716,0.0553471532972999,10,12,8,45,1.2,17,22,40,17,0.206541362664047,0.442313372391108,2248,3959,0.0096629886852398,0.0289382096456565,0.000268884261224392,0.139553915005482,0.049667079446191,81,55,51,3,314
4401,4401,4994.7839303262,14127.839946819,105813.185695465,11934.5635127491,101574867.272581,195995221.879558,297570089.152139,0.0307141712640694,0.0545600694011882,10,12,8,45,1.5,14,22,40,17,0.210994339014037,0.429825629072468,2378,3789,0.0629889318493009,0.142582774473344,2.05237954803858e-05,0.131409476088238,0.0805433412296445,201,233,245,2,295
4409,4409,2962.79315667585,9772.02904046652,111646.770361867,11928.7378559122,100815103.65719,196195090.739403,297010194.396593,0.0306268386404543,0.0545812642429226,10,12,8,45,1.5,17,22,40,17,0.208360174796428,0.430452299021001,2312,3800,0.00973328654042743,0.0290397199581729,0,0.139767759375423,0.0496849291123469,82,56,52,1,317
