"sim_id","HIV_neg_female","HIV_neg_male","HIV_pos_female","HIV_pos_male","hiv_prev_mse_male","hiv_prev_mse_female","hiv_prev_mse","max_perc_diff_male","max_perc_diff_female","b1_contact","b2_contact","hiv2_mort","hiv3_mort","hiv4_mort","tb_hiv1_mort","tb_hiv2_mort","tb_hiv3_mort","tb_hiv4_mort","hiv_prev_mse_male_norm","hiv_prev_mse_female_norm","hiv_prev_mse_male_norm_rank","hiv_prev_mse_female_norm_rank","tb_mort_mse_male_neg_norm","tb_mort_mse_female_neg_norm","tb_mort_mse_male_pos_norm","tb_mort_mse_female_pos_norm","tb_mort_mse_overall_norm","tbmort_rank_total","tbmort_HIV_neg_male","tbmort_HIV_neg_female","tbmort_HIV_pos_male","tbmort_HIV_pos_female"
5415,1785.60084768953,5127.11953454675,44495.0963567429,159714.168935002,128407144.537514,151721642.565705,280128787.103218,0.0339162647469668,0.049818347495295,12,6,8,45,1.2,14,30,60,17,0.240430726927075,0.35452103640774,2622,3733,0.000194768504270584,0.0146287564902892,0.0633906631814664,0.0192069066886589,0.0277439759599496,138,3,209,181,193
5416,1781.76870191829,5085.45601237353,47675.3422078351,165088.957049326,128750078.944098,150140804.300841,278890883.244939,0.0339190604843515,0.0494864985552237,12,6,8,45,1.2,14,30,60,20,0.241418332445515,0.349273960145152,2638,3699,0,0.0144870153908688,0.0660499663558398,0.0212620812122592,0.0290910173486035,146,1,204,194,202
5431,1787.10940173791,5132.89427217117,44356.3381646335,159048.212376055,129175641.350628,148487749.726111,277663391.076738,0.0339196964486231,0.0490757506480731,12,6,8,45,1.5,14,30,60,17,0.242643895623372,0.343787185430363,2649,3660,0.000221764229811671,0.0146845539787244,0.0630611654685272,0.0191172367968592,0.0276347843213231,137,4,211,179,191
5432,1783.26061276685,5091.15754562424,47509.9551493227,164402.487998632,129527558.704398,146925588.012737,276453146.717135,0.0339224919521142,0.0487440699554139,12,6,8,45,1.5,14,30,60,20,0.243657370835964,0.338602099880025,2660,3627,2.66535099618517e-05,0.0145421972906543,0.0657103196038582,0.0211552029125607,0.0289734269150489,144,2,207,193,200
