"sim_id","HIV_neg_female","HIV_neg_male","HIV_pos_female","HIV_pos_male","hiv_prev_mse_male","hiv_prev_mse_female","b1_contact","b2_contact","hiv2_mort","hiv3_mort","hiv4_mort","tb_hiv1_mort","tb_hiv2_mort","tb_hiv3_mort","tb_hiv4_mort","hiv_prev_mse_male_norm","hiv_prev_mse_female_norm","hiv_prev_mse_male_norm_rank","hiv_prev_mse_female_norm_rank","tb_mort_mse_male_neg_norm","tb_mort_mse_female_neg_norm","tb_mort_mse_male_pos_norm","tb_mort_mse_female_pos_norm","tb_mort_mse_overall_norm","tbmort_rank_total","tbmort_HIV_neg_male","tbmort_HIV_neg_female","tbmort_HIV_pos_male","tbmort_HIV_pos_female"
685,4513.83676542261,20327.6773307567,158953.210943697,49113.0033130098,212514137.064476,35829671.1974561,6,11,8,45,1.2,17,30,40,17,0.252752226838833,0.0852109062114232,2533,2037,0.0244424812927281,0.0327506259685311,5.82584551290871e-05,0.122589096888037,0.0482328280552015,342,579,621,2,1292
701,4523.30428070254,20383.3191032322,159110.042578549,49054.4088739473,213749045.599337,34811374.9037428,6,11,8,45,1.5,17,30,40,17,0.255595509281954,0.0703870402973059,2563,1779,0.0248073773676861,0.0332038725772918,0,0.122743681588051,0.048425354465411,347,590,625,1,1294
1577,4151.41753021167,28018.2986584181,187893.131580143,50518.8420313644,195299504.297827,38352468.9999996,7,11,8,45,1.2,17,22,40,17,0.213116851644277,0.121936578870957,1999,2544,0.0748772070680463,0.0154002141178988,0.00145603601222061,0.151114393804471,0.0638266131821965,639,1096,291,4,1397
1593,4162.11922580337,28112.4668701559,188090.00905558,50334.7259696535,196485748.215152,37554414.5096306,7,11,8,45,1.5,17,22,40,17,0.215848087527886,0.110318886819611,2038,2408,0.075494757683712,0.01591254571616,0.00127297568275358,0.15130845060627,0.0640558885666814,642,1102,306,3,1399
