"sim_id","HIV_neg_female","HIV_neg_male","HIV_pos_female","HIV_pos_male","hiv_prev_mse_male","hiv_prev_mse_female","hiv_prev_mse","max_perc_diff_male","max_perc_diff_female","b1_contact","b2_contact","hiv2_mort","hiv3_mort","hiv4_mort","tb_hiv1_mort","tb_hiv2_mort","tb_hiv3_mort","tb_hiv4_mort","hiv_prev_mse_male_norm","hiv_prev_mse_female_norm","hiv_prev_mse_male_norm_rank","hiv_prev_mse_female_norm_rank","tb_mort_mse_male_neg_norm","tb_mort_mse_female_neg_norm","tb_mort_mse_male_pos_norm","tb_mort_mse_female_pos_norm","tb_mort_mse_overall_norm","tbmort_rank_total","tbmort_HIV_neg_male","tbmort_HIV_neg_female","tbmort_HIV_pos_male","tbmort_HIV_pos_female"
5671,2270.9785311966,8094.17941773315,44642.1736618186,123290.514460199,205643208.831472,83034278.1598127,288677486.991285,0.0423982161416502,0.0377168863918356,12,8,8,45,1.2,14,30,60,17,0.269506708055748,0.25688193372381,2882,3469,0.00145170623092535,0.000399306925220633,0.091420713378822,0.0304658060507711,0.0369361584601071,426,11,3,876,412
5672,2259.75200715839,8022.42616965352,46738.4420256739,127760.125724462,206190389.594709,81861426.7745828,288051816.369291,0.0424009372206891,0.0373677435247719,12,8,8,45,1.2,14,30,60,20,0.270778487720806,0.24925881016336,2889,3422,0.0010008411798963,0,0.0952621837131776,0.0327566604416995,0.0386058214824424,454,9,1,890,441
5687,2276.14246467742,8100.17018983458,44518.8390051599,122517.783903751,207282714.000498,79719464.868204,287002178.868702,0.0424022827239237,0.0366550102910963,12,8,8,45,1.5,14,30,60,17,0.273317312292622,0.23533680735914,2909,3346,0.00148934954104024,0.000582978593606522,0.0907565792218366,0.0303310228595385,0.0367407462513419,424,12,4,875,411
5688,2264.87857537397,8028.35877572311,46567.8054435556,126954.009924483,207840887.693801,78576775.1895252,286417662.883326,0.042405003413018,0.0363064738011114,12,8,8,45,1.5,14,30,60,20,0.27461464217044,0.227909724336075,2915,3287,0.00103811900089937,0.00018234265424712,0.0945693561385663,0.0325701845256675,0.0383859545302995,449,10,2,887,439
