"sim_id","HIV_neg_female","HIV_neg_male","HIV_pos_female","HIV_pos_male","hiv_prev_mse_male","hiv_prev_mse_female","hiv_prev_mse","max_perc_diff_male","max_perc_diff_female","b1_contact","b2_contact","hiv2_mort","hiv3_mort","hiv4_mort","tb_hiv1_mort","tb_hiv2_mort","tb_hiv3_mort","tb_hiv4_mort","hiv_prev_mse_male_norm","hiv_prev_mse_female_norm","hiv_prev_mse_male_norm_rank","hiv_prev_mse_female_norm_rank","tb_mort_mse_male_neg_norm","tb_mort_mse_female_neg_norm","tb_mort_mse_male_pos_norm","tb_mort_mse_female_pos_norm","tb_mort_mse_overall_norm","tbmort_rank_total","tbmort_HIV_neg_male","tbmort_HIV_neg_female","tbmort_HIV_pos_male","tbmort_HIV_pos_female"
2862,1744.62430120278,5977.5552617307,40677.3597866728,44728.3457933379,112338865.030292,34420629.6074579,146759494.637749,0.0320120908800362,0.0294350123868646,9,7,8,45,1.2,17,30,40,20,0.196454564913453,0.14049611588668,2032,2715,0.00285889949394062,0.00398920534187914,0.0114696662377287,0.0156034417822661,0.0094915533731624,2,19,30,204,179
2876,1739.35252157094,5998.68601450908,33286.7624251119,56220.7162278994,111439890.876462,33487326.1613199,144927217.037782,0.0320419774592129,0.0288633184574384,9,7,8,45,1.5,17,22,60,20,0.193840284891298,0.129284325927846,1986,2613,0.00296324962959156,0.00380547098923011,0.0165306337362399,0.0109800401211009,0.00960694628096658,4,22,26,241,137
2878,1749.05328466244,5986.62977283421,40722.3231600727,44481.9890380348,112975124.63903,33222795.1159344,146197919.754964,0.0320157406140072,0.0287882311376002,9,7,8,45,1.5,17,30,40,20,0.198304852574052,0.126106510040929,2060,2582,0.00290371221190427,0.00414356619640697,0.0113611765628851,0.0156315699192892,0.00950727962631455,3,20,34,202,180
4526,1631.71089094118,6205.38839959058,35436.7834030276,55863.3246516071,113292886.296336,34037710.5878645,147330596.8842,0.0321226540331572,0.0292703618340109,11,6,8,45,1.2,17,30,40,20,0.199228925806818,0.135896103279109,2075,2669,0.00398400937955629,5.38981422961836e-05,0.0163732469584505,0.0123250478484244,0.00941706994643297,1,37,2,240,153
