"sim_id","HIV_neg_female","HIV_neg_male","HIV_pos_female","HIV_pos_male","hiv_prev_mse_male","hiv_prev_mse_female","hiv_prev_mse","max_perc_diff_male","max_perc_diff_female","b1_contact","b2_contact","hiv2_mort","hiv3_mort","hiv4_mort","tb_hiv1_mort","tb_hiv2_mort","tb_hiv3_mort","tb_hiv4_mort","hiv_prev_mse_male_norm","hiv_prev_mse_female_norm","hiv_prev_mse_male_norm_rank","hiv_prev_mse_female_norm_rank","tb_mort_mse_male_neg_norm","tb_mort_mse_female_neg_norm","tb_mort_mse_male_pos_norm","tb_mort_mse_female_pos_norm","tb_mort_mse_overall_norm","tbmort_rank_total","tbmort_HIV_neg_male","tbmort_HIV_neg_female","tbmort_HIV_pos_male","tbmort_HIV_pos_female"
5552,2403.08390983694,7764.45268712083,24348.5989214756,58710.7432276181,125145141.632321,176030294.2988,301175435.931121,0.0332446098003887,0.0523173159830879,12,7,8,45,1.2,17,30,60,20,0.23846920489137,0.371567340884345,2735,3586,0.000107842437903671,0.0507384742682544,0.040951301202404,0.0224224826855026,0.0291813985076036,14,3,239,111,221
5568,2404.78249950627,7769.3507585135,24366.4545135093,58301.1169414331,125867484.884484,172532764.012489,298400248.896973,0.0332483418438962,0.0515602663178377,12,7,8,45,1.5,17,30,60,20,0.240657147901928,0.360736746144527,2756,3517,0.000150304063327421,0.0508827790058244,0.0405255799134379,0.0224539430345151,0.0291004734982162,10,4,240,109,223
5672,2701.53565376355,7752.01274977177,26216.8229412885,153470.961960031,132071609.101666,164610063.180745,296681672.28241,0.0340205688430612,0.0509188484299883,12,8,8,45,1.2,14,30,60,20,0.25944914211932,0.336202988055484,2909,3381,0,0.0760936270531144,0.139434830756096,0.0257141674185468,0.0647634248630157,222,1,325,304,247
5688,2702.8374390733,7755.86043930515,26093.8930869667,152747.361464421,132858212.320172,161250744.090281,294108956.410453,0.0340242583904695,0.0501686550971292,12,8,8,45,1.5,14,30,60,20,0.261831725480984,0.325800383734099,2928,3336,3.33558126486614e-05,0.0762042210305104,0.138682798608557,0.0254975733054131,0.064501626942823,220,2,326,302,245
