"sim_id","HIV_neg_female","HIV_neg_male","HIV_pos_female","HIV_pos_male","hiv_prev_mse_male","hiv_prev_mse_female","b1_contact","b2_contact","hiv2_mort","hiv3_mort","hiv4_mort","tb_hiv1_mort","tb_hiv2_mort","tb_hiv3_mort","tb_hiv4_mort","hiv_prev_mse_male_norm","hiv_prev_mse_female_norm","hiv_prev_mse_male_norm_rank","hiv_prev_mse_female_norm_rank","tb_mort_mse_male_neg_norm","tb_mort_mse_female_neg_norm","tb_mort_mse_male_pos_norm","tb_mort_mse_female_pos_norm","tb_mort_mse_overall_norm","tbmort_rank_total","tbmort_HIV_neg_male","tbmort_HIV_neg_female","tbmort_HIV_pos_male","tbmort_HIV_pos_female"
1746,4850.42505700665,23080.8572168018,95805.3702758716,67962.8186019005,391899880.038335,34974177.8724171,7,12,12,35,1.5,14,22,40,20,0.553121654317442,0.0145797790073726,3756,272,0.032749745630078,0.027720029656332,0.0149616572911936,0.0445642584683973,0.0299989227615002,4,632,431,283,540
3394,4628.86953933435,23878.8540661469,88512.6339079544,76356.6818565081,390912568.855907,35385652.2415823,9,11,12,35,1.2,14,22,40,20,0.551113754162223,0.0201891655999015,3738,471,0.0376971914799498,0.0188856953624833,0.0222484538157355,0.0381808037156706,0.0292530360934598,2,685,311,499,493
3410,4632.38626416552,23893.5160130175,88620.121373953,75798.5721244619,392873003.826373,35001332.5642097,9,11,12,35,1.5,14,22,40,20,0.555100701491043,0.0149499628522979,3779,289,0.0377880930771875,0.0190259217179559,0.021763953183258,0.0382748893018034,0.0292132143200512,1,686,314,481,494
5074,4461.19390595995,25137.314536832,81830.5984410262,85045.2762462891,393530913.823214,34809195.4178484,11,10,12,35,1.5,14,22,40,20,0.556438696652333,0.012330670829534,3795,200,0.045499434105379,0.0121997747691935,0.0297911093823313,0.032331905729052,0.0299555559964889,3,765,164,680,426
