"sim_id","HIV_neg_female","HIV_neg_male","HIV_pos_female","HIV_pos_male","TB_mort_mse","TB_mort_rank","TB_mort_norm","hiv_prev_mse_male","hiv_prev_mse_female","hiv_prev_total","hiv_prev_norm","HIV_prev_rank","weighted_rank_mort_TB_mort","weighted_rank","b1_calib_id","b2_calib_id","mh2_calib_id","mh3_calib_id","mh4_calib_id","mtb_calib_id","mtbh2_calib_id","mtbh3_calib_id","mtbh4_calib_id"
2797,5514.68394778355,17886.0042694719,913975.52193578,833771.783131465,1771147.9932845,3361,0.533175430326515,24506202.5891879,1213698671.14715,1238204873.73634,0.0124759451600818,4,0.272825687743298,1710,9.2,10,10,50,1.5,10,30,70,25
3375,4589.4578046845,14973.8589103401,1020244.61058747,970888.8617946,2010696.78909709,3393,0.611321695954825,24960951.4531684,1216769545.02049,1241730496.47366,0.0163314358353205,5,0.313826565895073,1721,10,10,10,50,1.5,10,30,70,15
3374,4584.0584107775,14905.4652750622,1095867.51205342,1004715.85999815,2120072.89573741,3413,0.647002669653358,24689245.6964839,1210523289.95209,1235212535.64857,0.00920363486085106,3,0.328103152257104,1725,10,10,10,50,1.5,10,30,70,20
3373,4578.70067771812,14852.1358889859,1173448.3993597,1036875.48920108,2229754.72512748,3421,0.682783377066395,24385415.6742729,1202410929.38673,1226796345.061,0,1,0.341391688533197,1727,10,10,10,50,1.5,10,30,70,25
3397,4576.36516347696,14846.1691441795,1173689.82647723,1037658.5049759,2230770.86576079,3422,0.683114865252659,24709544.4274524,1209583649.37426,1234293193.80171,0.0081982766072832,2,0.345656570929971,1728,10,10,10,50,1.2,10,30,70,25
