"sim_id","HIV_neg_female","HIV_neg_male","HIV_pos_female","HIV_pos_male","tb_mort_mse_total","hiv_prev_mse_male","hiv_prev_mse_female","hiv_prev_mse","b1_calib_id","b2_calib_id","mh2_calib_id","mh3_calib_id","mh4_calib_id","mtb_calib_id","mtbh2_calib_id","mtbh3_calib_id","mtbh4_calib_id","total_mse","tbmort_rank_total","tbmort_HIV_neg_male","tbmort_HIV_neg_female","tbmort_HIV_pos_male","tbmort_HIV_pos_female","hivprev_rank_total","hivprev_male","hivprev_female","prev_mort_mse_rank"
2406,6425.45103512981,22560.0333759551,57448.8824644138,50322.8943033232,136757.261178822,25190293.5161705,1362565470.09205,1387755763.60822,9.2,6.8,10,50,1.5,15,30,50,15,1387892520.8694,1,1116,1204,691,285,1056,976,1057,1054
2430,6424.43945450445,22557.1588529764,57444.2716884947,50396.8939366933,136822.763932669,25848867.3180926,1370722600.77187,1396571468.08996,9.2,6.8,10,50,1.2,15,30,50,15,1396708290.85389,2,1115,1203,696,283,1193,1344,1190,1191
2988,5058.22845363921,17550.457310209,61385.364525483,53121.1440017658,137115.194291097,25476748.6039306,1396136053.11903,1421612801.72296,10,6.8,10,50,1.5,15,22,50,15,1421749916.91725,3,590,818,775,407,1534,1145,1545,1533
